vendor,action,cat_id,source_or_note
パテント・インテグレーション,追加,01,patent-i.com/summaria：先行技術調査・発明届出・新規出願・拒絶理由対応・クリアランス・係争対応・権利維持判断・特許解析を支援。明細書作成支援（2024）、スクリーニング、SDIを搭載
パテント・インテグレーション,追加,02,patent-i.com/summaria：先行技術調査・発明届出・新規出願・拒絶理由対応・クリアランス・係争対応・権利維持判断・特許解析を支援。明細書作成支援（2024）、スクリーニング、SDIを搭載
パテント・インテグレーション,追加,04,patent-i.com/summaria：先行技術調査・発明届出・新規出願・拒絶理由対応・クリアランス・係争対応・権利維持判断・特許解析を支援。明細書作成支援（2024）、スクリーニング、SDIを搭載
パテント・インテグレーション,追加,05,patent-i.com/summaria：先行技術調査・発明届出・新規出願・拒絶理由対応・クリアランス・係争対応・権利維持判断・特許解析を支援。明細書作成支援（2024）、スクリーニング、SDIを搭載
パテント・インテグレーション,追加,07,patent-i.com/summaria：先行技術調査・発明届出・新規出願・拒絶理由対応・クリアランス・係争対応・権利維持判断・特許解析を支援。明細書作成支援（2024）、スクリーニング、SDIを搭載
パテント・インテグレーション,追加,08,patent-i.com/summaria：先行技術調査・発明届出・新規出願・拒絶理由対応・クリアランス・係争対応・権利維持判断・特許解析を支援。明細書作成支援（2024）、スクリーニング、SDIを搭載
パテント・インテグレーション,追加,12,patent-i.com/summaria：先行技術調査・発明届出・新規出願・拒絶理由対応・クリアランス・係争対応・権利維持判断・特許解析を支援。明細書作成支援（2024）、スクリーニング、SDIを搭載
パテント・インテグレーション,追加,13,patent-i.com/summaria：先行技術調査・発明届出・新規出願・拒絶理由対応・クリアランス・係争対応・権利維持判断・特許解析を支援。明細書作成支援（2024）、スクリーニング、SDIを搭載
Patentfield,追加,07,product.patentfield.com：AI分類・課題/用途ラベル・IPランドスケープ・レポート生成（Patentfield AIR）。事業内容に特許情報を活用したマッチング支援
Patentfield,追加,08,product.patentfield.com：AI分類・課題/用途ラベル・IPランドスケープ・レポート生成（Patentfield AIR）。事業内容に特許情報を活用したマッチング支援
パナソニック デジタル,追加,07,panasonic.com/jp/business/its/patentsquare：AI自動分類、知財BIダッシュボード（最大100万件の可視化）
発明通信社,追加,09,2026知財・情報フェア出展社情報：HYPAT-i2（検索）、IPeakMS（知財管理）、特許調査
発明通信社,追加,17,2026知財・情報フェア出展社情報：HYPAT-i2（検索）、IPeakMS（知財管理）、特許調査
日立製作所,追加,09,hitachi.co.jp/Prod/comp/app/tokkyo/mc6：知的財産管理システムPALNET/MC6を提供
日立社会情報サービス,追加,07,hitachi-sis.co.jp：ShareresearchはPALNET/MC6と連携し競合特許戦略の分析・侵害チェックを支援
東芝,追加,07,2026知財・情報フェア出展社情報：IPeakMSに特許価値評価と知財ROICによる無形資産の可視化を参考出展
東芝,追加,08,2026知財・情報フェア出展社情報：IPeakMSに特許価値評価と知財ROICによる無形資産の可視化を参考出展
アクロソフト,追加,07,2026知財・情報フェア出展社情報：知財データ分析とIPランドスケープによる経営戦略支援
VALUENEX,追加,01,2026知財・情報フェア出展社情報：ビッグデータ俯瞰解析で戦略立案や新製品開発に資する示唆を導く
パテント・リザルト,追加,01,2026知財・情報フェア出展社情報：技術内容の理解から競合分析・アイデア創出まで支援。Biz Cruncherは特許の注目度スコアを算出
パテント・リザルト,追加,08,2026知財・情報フェア出展社情報：技術内容の理解から競合分析・アイデア創出まで支援。Biz Cruncherは特許の注目度スコアを算出
ユーザベース,追加,01,2026知財・情報フェア出展社情報：経営企画・新規事業開発・研究開発領域の調査・分析を効率化
アイ・ピー・ファイン,追加,01,2026知財・情報フェア出展社情報：革新的な発明・事業の創出のための情報革新。R&Dランドスケープ「IIC」
NTTデータ,追加,02,nttdata.com 2026/081900：発明相談から発明提案書作成までを支援。AI活用の着手から組織への定着まで支援
NTTデータ,追加,18,nttdata.com 2026/081900：発明相談から発明提案書作成までを支援。AI活用の着手から組織への定着まで支援
アスタミューゼ,追加,07,astamuse.co.jp：特許・論文・スタートアップ・助成金を統合したデータで技術DDを支援
TechnoProducer,追加,07,IPランドスケープ支援・生成AI×特許分析
ユアサポ,追加,02,prtimes 000000008.000049990：構造化された発明提案書作成支援、請求項・明細書生成。出展社情報：図面生成と品質チェック
ユアサポ,追加,06,prtimes 000000008.000049990：構造化された発明提案書作成支援、請求項・明細書生成。出展社情報：図面生成と品質チェック
アイビーリサーチ,追加,06,2026知財・情報フェア出展社情報：明細書作成・チェック・出願支援。サポライター（文書作成支援）
aiip,追加,03,2026知財・情報フェア出展社情報：FTO調査、情報提供・異議申立・無効審判による他社牽制
aiip,追加,13,2026知財・情報フェア出展社情報：FTO調査、情報提供・異議申立・無効審判による他社牽制
AI Samurai,追加,02,prtimes 000000300.000021559：知財AIエージェントが発明提案書作成・競合分析・ポートフォリオ分析・知財戦略立案を支援
AI Samurai,追加,07,prtimes 000000300.000021559：知財AIエージェントが発明提案書作成・競合分析・ポートフォリオ分析・知財戦略立案を支援
Genzo AI,追加,03,shimadzu.co.jp/news/2026：明細書作成・特許翻訳・中間処理・先行技術調査・侵害予防・契約書レビュー
Genzo AI,追加,05,shimadzu.co.jp/news/2026：明細書作成・特許翻訳・中間処理・先行技術調査・侵害予防・契約書レビュー
Genzo AI,追加,06,shimadzu.co.jp/news/2026：明細書作成・特許翻訳・中間処理・先行技術調査・侵害予防・契約書レビュー
Genzo AI,追加,12,shimadzu.co.jp/news/2026：明細書作成・特許翻訳・中間処理・先行技術調査・侵害予防・契約書レビュー
Genzo AI,追加,14,shimadzu.co.jp/news/2026：明細書作成・特許翻訳・中間処理・先行技術調査・侵害予防・契約書レビュー
AIVisor,追加,05,2026知財・情報フェア出展社情報：拒絶対応・公報分類まで一貫
AIVisor,追加,07,2026知財・情報フェア出展社情報：拒絶対応・公報分類まで一貫
エムニ,追加,03,2026知財・情報フェア出展社情報：検索式の自動生成・先行技術調査。業務に合わせたオーダーメイドAI開発
エムニ,追加,18,2026知財・情報フェア出展社情報：検索式の自動生成・先行技術調査。業務に合わせたオーダーメイドAI開発
日本特許情報機構,追加,06,2026知財・情報フェア出展社情報：Japio-GPG/FXの高精度AI翻訳、意匠権調査サービス
日本特許情報機構,追加,17,2026知財・情報フェア出展社情報：Japio-GPG/FXの高精度AI翻訳、意匠権調査サービス
日本パテントデータサービス,追加,17,2026知財・情報フェア出展社情報：特許調査・研修サービス
リーガルテック,追加,07,2026知財・情報フェア出展社情報：MyTokkyo.Aiで文献の要約・比較・分析
ASU,追加,03,asu.co.jp/solution/ip_legal/ip_dept/aicrea：Aicreaは発明構成要素の自動抽出・構成要素ごとの類似度算出・根拠付き対比表・社内未公開情報の可視化。DBBOY/uniを販売
ASU,追加,07,asu.co.jp/solution/ip_legal/ip_dept/aicrea：Aicreaは発明構成要素の自動抽出・構成要素ごとの類似度算出・根拠付き対比表・社内未公開情報の可視化。DBBOY/uniを販売
ASU,追加,09,asu.co.jp/solution/ip_legal/ip_dept/aicrea：Aicreaは発明構成要素の自動抽出・構成要素ごとの類似度算出・根拠付き対比表・社内未公開情報の可視化。DBBOY/uniを販売
ASU,追加,12,asu.co.jp/solution/ip_legal/ip_dept/aicrea：Aicreaは発明構成要素の自動抽出・構成要素ごとの類似度算出・根拠付き対比表・社内未公開情報の可視化。DBBOY/uniを販売
プロパティ,追加,03,property.ne.jp：特許意匠商標調査・解析・翻訳・ライセンス・データベース（ORBIT.com、WIPS Global）
プロパティ,追加,06,property.ne.jp：特許意匠商標調査・解析・翻訳・ライセンス・データベース（ORBIT.com、WIPS Global）
プロパティ,追加,14,property.ne.jp：特許意匠商標調査・解析・翻訳・ライセンス・データベース（ORBIT.com、WIPS Global）
日本アイアール,追加,07,nihon-ir.jp：技術動向調査、知財担当者向け生成AI活用セミナー
日本アイアール,追加,18,nihon-ir.jp：技術動向調査、知財担当者向け生成AI活用セミナー
パソナナレッジパートナー,追加,07,2026知財・情報フェア出展社情報：知財ポートフォリオ分析・競合分析、管理事務まで対応
パソナナレッジパートナー,追加,09,2026知財・情報フェア出展社情報：知財ポートフォリオ分析・競合分析、管理事務まで対応
電通総研,追加,09,2026知財・情報フェア出展社情報：知財管理システム導入を含む組織全体の運用支援
知財戦略ラボラトリー,追加,07,2026知財・情報フェア出展社情報：事業の急所を特許ポートフォリオで守る構造戦略論
IPTech弁理士法人,追加,04,2026知財・情報フェア出展社情報：生成AIを活用した明細書作成・先行技術調査・中間対応
スズエ国際特許事務所,追加,04,2026知財・情報フェア出展社情報：AIが構造化した明細書ドラフトを弁理士が精査しJPO提出まで対応
鷲田国際特許事務所,追加,04,2026知財・情報フェア出展社情報：最新のAIモデルを実務に投入し特許権取得を支援
川村インターナショナル,追加,07,2026知財・情報フェア出展社情報：StructFlowでスクリーニング・要約・データ構造化を支援
サン・フレア,追加,17,2026知財・情報フェア出展社情報：先行技術・クリアランス・無効資料・技術動向の特許調査
知財コーポレーション,追加,04,2026知財・情報フェア出展社情報：発明発掘・出願サポート、先行技術調査、OAサポート（AIと専門家の融合）
知財コーポレーション,追加,05,2026知財・情報フェア出展社情報：発明発掘・出願サポート、先行技術調査、OAサポート（AIと専門家の融合）
知財コーポレーション,追加,17,2026知財・情報フェア出展社情報：発明発掘・出願サポート、先行技術調査、OAサポート（AIと専門家の融合）
AIBS,追加,07,2026知財・情報フェア出展社情報：AI分析×専門家の知財戦略コンサルティング、特許調査
AIBS,追加,17,2026知財・情報フェア出展社情報：AI分析×専門家の知財戦略コンサルティング、特許調査
RWS,追加,03,2026知財・情報フェア出展社情報：AI活用型特許データベース、特許年金管理、ブランド保護、170か国以上の特許調査
RWS,追加,09,2026知財・情報フェア出展社情報：AI活用型特許データベース、特許年金管理、ブランド保護、170か国以上の特許調査
RWS,追加,11,2026知財・情報フェア出展社情報：AI活用型特許データベース、特許年金管理、ブランド保護、170か国以上の特許調査
RWS,追加,17,2026知財・情報フェア出展社情報：AI活用型特許データベース、特許年金管理、ブランド保護、170か国以上の特許調査
中央光学出版,追加,03,cks.co.jp：国内外特許のインターネット検索、特許調査、PatSnap Analyticsの国内販売
中央光学出版,追加,07,cks.co.jp：国内外特許のインターネット検索、特許調査、PatSnap Analyticsの国内販売
中央光学出版,追加,17,cks.co.jp：国内外特許のインターネット検索、特許調査、PatSnap Analyticsの国内販売
GMOブランドセキュリティ,追加,10,brandsecurity.gmo：商標管理ツールBRANTECT byGMO
IPリッチ,追加,14,2026知財・情報フェア出展社情報：PatentRevenueで売買・ライセンスの成約まで支援
イノベーションリサーチ,追加,07,innovation-r.com：技術動向分析「イノベーションレポート」。特許庁の知財ビジネス評価書作成会社（令和2年度）。知財分析の内製化支援
イノベーションリサーチ,追加,08,innovation-r.com：技術動向分析「イノベーションレポート」。特許庁の知財ビジネス評価書作成会社（令和2年度）。知財分析の内製化支援
イノベーションリサーチ,追加,18,innovation-r.com：技術動向分析「イノベーションレポート」。特許庁の知財ビジネス評価書作成会社（令和2年度）。知財分析の内製化支援
テスコ,追加,07,tesco-search.com：技術テーマ別の特許マップ、侵害チェック、意匠・商標調査
テスコ,追加,10,tesco-search.com：技術テーマ別の特許マップ、侵害チェック、意匠・商標調査
テスコ,追加,12,tesco-search.com：技術テーマ別の特許マップ、侵害チェック、意匠・商標調査
テクノリサーチ,追加,07,2026知財・情報フェア出展社情報：IPランドスケープ、パテントマップ作成
ベーステクノロジー,追加,14,info-dooup.base.co.jp：Dooupで契約管理に対応
AIDAO,追加,06,prtimes 000000013.000124450：トヨタテクニカルディベロップメントと生成AIによる特許図面生成プロジェクト
PatSnap,追加,04,eureka.patsnap.com：特許調査・FTO・明細書作成・意匠クリアランスのAIエージェント
PatSnap,追加,12,eureka.patsnap.com：特許調査・FTO・明細書作成・意匠クリアランスのAIエージェント
Anaqua,追加,07,2026知財・情報フェア出展社情報：分析ソリューションAcclaimIP、ドメイン名管理・模倣品対策のブランド保護
Anaqua,追加,10,2026知財・情報フェア出展社情報：分析ソリューションAcclaimIP、ドメイン名管理・模倣品対策のブランド保護
Anaqua,追加,11,2026知財・情報フェア出展社情報：分析ソリューションAcclaimIP、ドメイン名管理・模倣品対策のブランド保護
Dennemeyer,追加,07,2026知財・情報フェア出展社情報：知財ポートフォリオの可視化から洞察を導く
Patlytics,追加,08,businesswire 20260408：transactional due diligence、ポートフォリオ分析から収益化まで
DeepIP,追加,07,deepip.ai：portfolio intelligence、competitive analysis、litigation readiness
DeepIP,追加,13,deepip.ai：portfolio intelligence、competitive analysis、litigation readiness
Solve Intelligence,追加,06,solveintelligence.com：figure generation（図面生成）
Questel,追加,07,questel.com：Orbit Intelligenceの分析機能
Clarivate,追加,12,clarivate.com：Derwentのデザイン特許侵害検出
WIPS,追加,09,Questelとのグローバル年金管理提携（2025年6月）、年金管理サービス
Elevate Services,追加,04,elevate.law/intellectual-property：Patent Preparation and Prosecution、Trademark Portfolio Management、Global Patent/Trademark Information Searching（Sagacious IP）
Elevate Services,追加,05,elevate.law/intellectual-property：Patent Preparation and Prosecution、Trademark Portfolio Management、Global Patent/Trademark Information Searching（Sagacious IP）
Elevate Services,追加,10,elevate.law/intellectual-property：Patent Preparation and Prosecution、Trademark Portfolio Management、Global Patent/Trademark Information Searching（Sagacious IP）
Elevate Services,追加,17,elevate.law/intellectual-property：Patent Preparation and Prosecution、Trademark Portfolio Management、Global Patent/Trademark Information Searching（Sagacious IP）
Dolcera,追加,03,web.dolcera.com：PCSによるAI特許検索。SEP保有者の大半が同社データを利用
Dolcera,追加,16,web.dolcera.com：PCSによるAI特許検索。SEP保有者の大半が同社データを利用
XLSCOUT,追加,01,xlscout.ai：PatDigger LLMによるアイデア創出
GreyB,追加,17,greyb.com：特許調査・分析サービス
IP.com,追加,03,ip.com：InnovationQによる特許・非特許文献検索
Ankar AI,追加,05,ankar.ai：発明可能性の検証から明細書・中間対応・侵害検出まで
Ankar AI,追加,12,ankar.ai：発明可能性の検証から明細書・中間対応・侵害検出まで
Lightbringer,追加,09,"law360 2490114：patent strategy, filing, and portfolio management through a single platform"
MarqVision,追加,10,2026知財・情報フェア出展社情報：知財の作成・管理・保護をワンストップ、商標管理の自動化
ArcPrime,追加,09,arcprime.com/solutions：AI IP Management System、Licensing Intelligence
ArcPrime,追加,14,arcprime.com/solutions：AI IP Management System、Licensing Intelligence
yet2,追加,14,yet2.com：技術移転・ライセンシングの仲介
ASU,削除,05,Aicreaは調査・対比ツールで中間対応の機能は確認できず（asu.co.jp）
ユアサポ,削除,05,中間対応の機能は公表資料で確認できず（発明提案書・請求項・明細書・品質チェックのみ）
AIBS,URL修正,,https://www.aibs.co.jp/ → https://korrepet.com/
AIDAO,URL修正,,https://aidao.co.jp/ → https://aidao-pjt.com/
ASU,紹介文修正,,
ArcPrime,URL修正,,https://arcprime.ai/ → https://www.arcprime.com/
CAS,URL修正,,https://www.cas.org/ja/solutions/cas-ip-finder → https://www.cas.org/solutions/stn-ip-protection-suite/ip-finder
GMOブランドセキュリティ,URL修正,,https://brand-security.gmo/ → https://brandsecurity.gmo/
Genzo AI,URL修正,,https://www.shimadzu.co.jp/news/2026/acmnk57uqb3579ay.html → https://www.genzo-ai.co.jp/
Genzo AI,紹介文修正,,
MarqVision,URL修正,,https://www.marqvision.com/ja → https://www.marqvision.com/
Specifio,紹介文修正,,
Specifio,状態変更,,2026年2月時点でPaximalに買収。初版の「Spellbook傘下」は誤り（2026-09-27訂正）
VALUENEX,URL修正,,https://valuenex.com/ja → https://www.valuenex.com/
アスタミューゼ,URL修正,,https://astamuse.co.jp/ → https://www.astamuse.co.jp/
イノベーションリサーチ,URL修正,,https://www.innovation-research.co.jp/ → https://www.innovation-r.com/
イノベーションリサーチ,紹介文修正,,
サカタブランドソリューションズ,URL修正,,https://www.sakata-bs.co.jp/ → https://sakatabs.com/
テスコ,URL修正,,https://www.tesco-patent.co.jp/ → https://www.tesco-search.com/
ネットワークス,URL修正,,https://www.networks-jp.com/ → https://www.kempos.co.jp/
パテント・インテグレーション,URL修正,,https://p-integration.co.jp/ → https://patent-i.com/summaria/
パテント・インテグレーション,紹介文修正,,
パナソニック デジタル,URL修正,,https://panasonic.biz/pcpcs/ja/product/patentsquare/ → https://www.panasonic.com/jp/business/its/patentsquare.html
パナソニック デジタル,紹介文修正,,
プロパティ,URL修正,,https://www.propaty.co.jp/ → https://www.property.ne.jp/
ベーステクノロジー,URL修正,,https://www.basetechnology.co.jp/ → https://info-dooup.base.co.jp/
ミガリオ,URL修正,,https://www.migario.co.jp/ → https://www.migalio.com/
中央光学出版,URL修正,,https://www.chuoh-kogaku.co.jp/ → https://www.cks.co.jp/
知財コーポレーション,URL修正,,https://www.chizai.co.jp/ → https://www.chizai.jp/
Patently,追加（2巡目）,03,紹介文・patently.com：検索・ドラフト・出願・分析を一つにまとめたプラットフォーム
Patently,追加（2巡目）,07,紹介文・patently.com：検索・ドラフト・出願・分析を一つにまとめたプラットフォーム
Leegal AI,追加（2巡目）,03,紹介文・leegal.ai：先行技術調査からFTO、明細書までをエージェントが連続処理
Leegal AI,追加（2巡目）,12,紹介文・leegal.ai：先行技術調査からFTO、明細書までをエージェントが連続処理
PatSeer Technologies,追加（2巡目）,07,紹介文・patseer.com：特許検索・分析プラットフォーム、分析テンプレート
NLPatent,追加（2巡目）,12,紹介文・nlpatent.com：FTOでの利用
anovIP,追加（2巡目）,12,紹介文・anovip.com：FTOとポートフォリオ分析
IP8,追加（2巡目）,07,紹介文・ip8.ai：ポートフォリオを仕分ける分析
Edge,追加（2巡目）,06,紹介文・tryedge.io：図面エディタを統合
PatentPal,追加（2巡目）,06,紹介文・patentpal.com：フローチャート・ブロック図を生成
IPRally,追加（2巡目）,07,"iprally.com：AI Patent Search, Review & Classification"
Ambercite,追加（2巡目）,07,紹介文・ambercite.com：引用ネットワーク分析、特許関係マップ
Huski.ai,追加（2巡目）,11,紹介文・huski.ai：商標侵害の早期検知
DrugPatentWatch,追加（2巡目）,13,紹介文・drugpatentwatch.com：Orange Book/Purple Bookと訴訟データを結合
