cat_id,phase,title,subtitle,sort
01,創出,発明創出・R&Dスカウティング,何を発明するかをAIが提案する,1
02,創出,発明開示・IDF,発明者ヒアリングと提案書化の自動化,2
03,創出,特許検索・先行技術調査,最大の激戦区。検索から推論へ,3
04,創出,明細書作成・出願支援,AIが書き、人が責任を持つへ,4
05,権利化,中間対応・OA応答,拒絶理由通知への反論をAIが下書き,5
06,権利化,特許校正・翻訳・図面,日本市場で最も層が厚い領域,6
07,権利化,特許分析・ポートフォリオ,経営指標としての知財可視化,7
08,権利化,特許価値評価・知財流通,眠る特許を値付けし動かす,8
09,管理・保護,IPMS・ドケット管理,AI-native IPMSへの置き換えが進行,9
10,管理・保護,商標調査・管理,音・意味・図形をAIが横断照合,10
11,管理・保護,ブランド保護・偽造品対策,検知から削除申請までを自動化,11
12,管理・保護,侵害検知・EoU・クレームチャート,数週間の作業を数時間に圧縮,12
13,活用・紛争,IP訴訟・紛争分析,勝てる裁判かを定量で判断,13
14,活用・紛争,ライセンス・契約・AI Rights,AI生成物の権利帰属が新論点に,14
15,活用・紛争,営業秘密・証跡管理,出願しない知財をどう守るか,15
16,活用・紛争,バイオ医薬・SEP専門IP,制度特殊性が参入障壁になる領域,16
17,実装・体制,特許調査サービス（サーチャー×AI）,人の判断を残す日本固有の厚い層,17
18,実装・体制,知財AX導入支援・伴走,ツールより先に組織能力が問われる,18
