excluded_id,name,kind,reason,checked_at
N001,AIRI,調査会社,特許庁OBと技術系調査員による調査・分析。AI製品は確認できず,2026-09-17
N002,INPIT,公的機関,J-PlatPat・IP ePlat・営業秘密相談窓口を運営。生成AI機能は実装していない,2026-09-17
N003,NGB,外国出願,外国出願仲介・年金管理・翻訳。AI機能の公表は確認できず,2026-09-17
N004,WIPO,公的機関,Global Brand Databaseを無償公開。AI検索機能は提供していない,2026-09-17
N005,WIS知財コンシェル,BPO,知財事務のBPO。生成AI時代の業務切り分け設計に言及,2026-09-17
N006,アズテック,調査会社,35年以上の調査実績。AIは対応技術分野としての言及にとどまる,2026-09-17
N007,インパテック,分析ツール,パテントマップEXZを開発。AI機能の公表は確認できず,2026-09-17
N008,イーパテント,コンサル,知財情報コンサルティングとIPランドスケープ。AI製品の提供は確認できず,2026-09-17
N009,マークアイ,商標管理,TMODSによる商標・ドメイン管理。AI機能の公表は確認できず,2026-09-17
N010,ルーチェアイピー,調査会社,調査前後のコンサルテーションに定評。AI製品は確認できず,2026-09-17
N011,不正商品対策協議会,業界団体,業界横断の模倣品対策・啓発,2026-09-17
N012,大日本印刷,偽造防止,ホログラムとスマホ認証による真贋判定。AI機能の公表は確認できず,2026-09-17
N013,山口大学,教育機関,知財教育の必修化。文科省の教育関係共同利用拠点,2026-09-17
N014,工業所有権協力センター,調査機関,"1,000名超のサーチャーによる調査。AI活用の限界を論じる立場",2026-09-17
N015,工業所有権電子情報化センター,公的機関,特許庁提出書面の電子化。AI活用の前提となるデータ整備を担う,2026-09-17
N016,日本ライセンス協会,業界団体,ライセンス実務者の団体,2026-09-17
N017,日本標準必須特許サポートセンター,業界団体,SEPに関する相談と情報提供,2026-09-17
N018,日本知的財産協会,業界団体,"約1,400会員の知財プラットフォーム。制度提言と人材育成",2026-09-17
N019,発明推進協会,業界団体,公報サービス・判決速報・研修・出版。AI製品の提供はない,2026-09-17
N020,知財塾,教育・研修,知財実務のゼミ型教育。AI製品の提供はない,2026-09-17
N021,知財教育デザイン協議会,教育機関,知財・情報リテラシーの教育コンテンツ制作。AI製品ではない,2026-09-17
N022,知財金融協会,業界団体,企業価値担保権制度を前提とした知財金融の普及,2026-09-17
N023,角田特許事務所,調査・鑑定,「AIにはできない業務を提供する」と明言している,2026-09-17
N024,PURPLEVINE IP,海外代理人,深圳拠点・14拠点600名の知財サービス。特許の権利化から訴訟まで扱うが、AI製品の公表は確認できず,2026-09-18
