vendor_id,attr_id,value,source,checked_at,note
V001,ja,あり,https://aisamurai.co.jp/,2026-09-27,国内企業
V001,trial,あり,https://aisamurai.co.jp/2026/08/19/%E3%80%90150%E7%A4%BE%E9%99%90%E5%AE%9A%E3%80%91%E7%9F%A5%E8%B2%A1ai%E3%82%A8%E3%83%BC%E3%82%B8%E3%82%A7%E3%83%B3%E3%83%88%E3%80%8Cai-samurai-mcp%E3%82%B5%E3%83%BC%E3%83%90%E3%83%BC%E3%80%8D2%E9%80%B1/,2026-09-27,MCPサーバーの2週間無料トライアル（150社限定、2026年8月告知）
V001,pricing,あり,https://aisamurai.co.jp/2026/08/19/%E3%80%90150%E7%A4%BE%E9%99%90%E5%AE%9A%E3%80%91%E7%9F%A5%E8%B2%A1ai%E3%82%A8%E3%83%BC%E3%82%B8%E3%82%A7%E3%83%B3%E3%83%88%E3%80%8Cai-samurai-mcp%E3%82%B5%E3%83%BC%E3%83%90%E3%83%BC%E3%80%8D2%E9%80%B1/,2026-09-27,MCPサーバー：10ID・年間120万円（税別）、初期費用15万円（2026年8月告知）
V002,ja,あり,https://korrepet.com/,2026-09-27,国内企業
V002,onprem,あり,https://korrepet.com/,2026-09-27,データはMicrosoft Azureの日本国内リージョンで保管
V002,no_training,あり,https://korrepet.com/,2026-09-27,連携するすべてのAI提供元で入力データを学習に使わないと明記
V002,trial,あり,https://korrepet.com/,2026-09-27,全プラン14日間無料
V002,pricing,あり,https://korrepet.com/,2026-09-27,"月額1,650円（税込）から"
V003,ja,あり,https://aidao-pjt.com/,2026-09-27,国内企業
V003,pricing,あり,https://aidao-pjt.com/news/%E7%A0%94%E4%BF%AE%E8%B2%BB%E4%BE%A1%E6%A0%BC%E6%94%B9%E5%AE%9A%E3%81%AE%E3%81%8A%E7%9F%A5%E3%82%89%E3%81%9B/,2026-09-27,研修費40万円（税込、2025年4月改定）
V004,ja,あり,https://aivisor.co.jp/,2026-09-27,国内企業
V004,onprem,あり,https://portal.aimeet.jp/events/pifc2026/exhibitors,2026-09-27,国内サーバーで完結（知財・情報フェア2026の出展者情報）
V005,ja,あり,https://iptrans.jp/,2026-10-03,国内企業
V006,ja,あり,https://www.asu.co.jp/,2026-09-27,国内企業
V006,trial,未確認,https://www.asu.co.jp/seminar/entry-1518.html,2026-09-27,トライアル申込の案内はあるが、無料かどうかの記載なし
V008,trial,あり,https://www.altlegal.com/,2026-09-27,無料トライアルの申込を受付
V008,pricing,あり,https://www.altlegal.com/pricing/,2026-09-27,月額60ドルから（管理件数による）
V009,trial,あり,https://www.ambercite.com/,2026-09-27,無料トライアルの案内
V010,ja,あり,https://www.anaqua.com/ja/,2026-09-27,日本語サイトあり
V011,no_training,あり,https://ankar.ai/security,2026-09-27,顧客データをAIモデルの学習に使わないと明記
V012,trial,あり,https://www.appcoll.com/privacy/,2026-09-27,オンラインデモ・無料トライアルの申込を受付
V012,pricing,あり,https://www.appcoll.com/law-firm-product-pricing/,2026-09-27,1ユーザー月額100ドルから
V013,no_training,あり,https://www.arcprime.com/security,2026-09-27,顧客データをAIモデルの学習に使わないと明記
V016,ja,あり,https://www.cas.org/ja/solutions/stn-ip-protection-suite/ip-finder,2026-09-27,日本語サイトあり（国内提供は化学情報協会）
V016,pricing,なし,https://www.cas.org/ja/solutions/stn-ip-protection-suite/ip-finder,2026-09-27,CAS IP Finderの価格は問い合わせ
V017,ja,あり,https://www.computerpackages.com/ja/,2026-09-27,日本語サイトあり（株式会社コンピュータパッケージ）
V018,onprem,あり,https://www.patentclaimmaster.com/CMSecurity.html,2026-09-27,Wordアドインとして利用者のPC上で動作
V018,trial,あり,https://www.patentclaimmaster.com/,2026-09-27,30日間無料
V018,pricing,あり,https://www.patentclaimmaster.com/CMBuy.html,2026-09-27,1ユーザー月額30ドルから
V019,ja,あり,https://clarivate.com/intellectual-property/ja/,2026-09-27,日本語サイトあり
V019,onprem,あり,https://clarivate.com/intellectual-property/,2026-09-27,IP管理システム（Unycomなど）でオンプレミス提供あり
V020,ja,未確認,https://copyleaks.com/,2026-09-27,日本語の文章の判定には対応。日本語の窓口・サイトは未確認
V020,onprem,あり,https://copyleaks.com/pricing,2026-09-27,上位プランでオンプレミスまたはプライベートクラウドに保管
V020,trial,あり,https://copyleaks.com/,2026-09-27,無料で始められるプラン
V020,pricing,あり,https://copyleaks.com/pricing,2026-09-27,月額13.99ドルから
V022,ja,あり,https://cotobox.com/,2026-09-27,国内企業
V022,pricing,あり,https://cotobox.com/,2026-09-27,"商標出願・登録の費用を表示（例：合計56,700円、印紙代込み）"
V025,no_training,あり,https://cypris.ai/security,2026-09-27,検索・操作データをLLMの学習に使わないと明記
V026,onprem,あり,https://www.deepip.ai/blog/best-ai-patent-drafting-tools-in-2025,2026-09-27,クラウドとオンプレミスの両方で提供と自社サイトに記載
V026,no_training,あり,https://www.deepip.ai/products/patent-drafting,2026-09-27,利用者のデータでモデルを学習しないと明記
V026,trial,あり,https://www.deepip.ai/,2026-09-27,無料トライアル
V027,ja,あり,https://www.dennemeyer.com/ja,2026-09-27,日本語サイトあり
V028,trial,あり,https://brochure.docketnavigator.com/pricing/,2026-09-27,無料トライアル
V028,pricing,あり,https://brochure.docketnavigator.com/pricing/,2026-09-27,ライブラリ単位の料金例（4〜9ユーザーで月額330ドル）
V029,trial,あり,https://www.drugpatentwatch.com/,2026-09-27,無料トライアルの案内（料金ページには1週間499ドルの試用もある）
V029,pricing,あり,https://www.drugpatentwatch.com/pricing/,2026-09-27,"1ユーザー月額3,000ドル（年額24,000ドル）など"
V032,ja,あり,https://www.foveaip.com/ja/,2026-09-27,日本語サイトあり
V032,trial,あり,https://www.foveaip.com/,2026-09-27,フリートライアル
V032,pricing,未確認,https://www.foveaip.com/downloads/price-guide/,2026-09-27,料金表は資料ダウンロード（フォーム経由）で提供
V033,ja,あり,https://brandsecurity.gmo/,2026-09-27,国内企業
V034,ja,あり,https://www.genzo-ai.co.jp/,2026-09-27,国内企業
V034,onprem,あり,https://www.genzo-ai.co.jp/security.html,2026-09-27,データはAWSの国内リージョンに保存
V034,pricing,あり,https://www.genzo-ai.co.jp/,2026-09-27,"年間ライセンス100万〜1,500万円（税抜）。詳細は個別見積"
V036,ja,あり,https://hackcamp.jp/,2026-09-27,国内企業
V036,trial,あり,https://ivan.hackcamp.jp/trial_ws_2,2026-09-27,導入検討者向けに無料トライアル・デモを案内
V037,trial,あり,https://huski.ai/,2026-09-27,7日間無料
V037,pricing,あり,https://huski.ai/,2026-09-27,1ユーザー月額299ドルから
V038,ja,あり,https://www.inxi.co.jp/,2026-09-27,国内企業
V039,ja,あり,https://ip-robo.co.jp/tm-robo/,2026-09-27,国内企業
V039,onprem,あり,https://ip-robo.co.jp/tm-robo/,2026-09-27,AWS東京リージョンで管理
V039,trial,あり,https://ip-robo.co.jp/tm-robo/,2026-09-27,無料トライアルの申込
V040,no_training,あり,https://ip.com/platform-enterprise-security/,2026-09-27,データを公開・第三者モデルの学習に使わないと明記
V041,onprem,未確認,https://ip8.patseer.com,2026-09-27,米国・EUのデータ所在地を選べる（国内は記載なし）
V041,no_training,あり,https://ip8.patseer.com,2026-09-27,データをAIモデルの学習に使わないと明記
V042,no_training,あり,https://www.iprally.com/,2026-09-27,検索・起案の内容を自社・LLM提供元とも保存しない（ゼロデータリテンション）と明記
V042,trial,あり,https://www.iprally.com/pricing,2026-09-27,無料トライアルあり（対象の条件あり）
V043,ja,あり,https://iptech.jp/,2026-09-27,国内企業
V044,ja,あり,https://ipdash.tokyo/rivalseeker/,2026-10-03,国内企業
V045,ja,あり,https://www.ipoasis.co.jp/,2026-09-27,国内企業
V045,trial,あり,https://ipoasis.co.jp/,2026-09-27,デモ版の無料体験
V046,ja,あり,https://iprich.jp/,2026-09-27,国内企業
V047,onprem,あり,https://www.itonics-innovation.com/pricing,2026-09-27,Enterpriseプランでオンプレミスのホスティング
V049,no_training,あり,https://ironcladapp.com/product/ironclad-ai,2026-09-27,顧客データをAI学習から除外し、LLM提供元とも学習禁止と明記
V050,pricing,なし,https://juro.com/pricing,2026-09-27,個別見積（カスタム料金）
V052,trial,あり,https://www.legalsifter.com/,2026-09-27,無料トライアル
V053,ja,あり,https://www.lexisnexisip.jp,2026-09-27,日本語サイトあり
V053,no_training,あり,https://www.lexisnexisip.com/solutions/protege/,2026-09-27,Protégé：顧客データをAIモデルの学習に使わないと明記
V055,trial,あり,https://www.markify.com/,2026-09-27,無料トライアルの申込
V056,ja,あり,https://www.marqvision.com/jp/home,2026-09-27,日本語サイトあり
V056,trial,あり,https://www.marqvision.com/jp/home,2026-09-27,無料でお試し
V058,no_training,あり,https://www.clerq-ip.com/,2026-09-27,顧客データを学習に使わないと明記
V059,ja,あり,https://www.ntt.com/about-us/press-releases/news/article/2026/0730.html,2026-09-27,国内企業
V059,onprem,あり,https://www.ntt.com/about-us/press-releases/news/article/2026/0730.html,2026-09-27,プライベートクラウドまたはオンプレミス環境で構築可能
V059,pricing,なし,https://www.ntt.com/about-us/press-releases/news/article/2026/0730.html,2026-09-27,利用料金は対象範囲による個別見積（2026年7月の報道発表）
V060,ja,あり,https://www.nttdata.com/global/ja/news/topics/2026/081900/,2026-09-27,国内企業
V061,ja,あり,https://www.ninesigma.com/jp/,2026-09-27,日本語サイトあり
V062,trial,あり,https://projectpq.ai/pricing/,2026-09-27,期限なしの無料プラン
V062,pricing,あり,https://projectpq.ai/pricing/,2026-09-27,無料プランと有料プランの料金を掲載
V063,ja,あり,https://www.patseer.com/jp/,2026-09-27,日本語サイトあり
V063,no_training,あり,https://www.patseer.com/,2026-09-27,文書・検索・操作をAIの学習に使わないと明記
V063,trial,あり,https://www.patseer.com/,2026-09-27,無料トライアル
V063,pricing,なし,https://www.patseer.com/pricing-patent-analysis-software/,2026-09-27,各エディションとも料金は問い合わせ
V064,ja,あり,https://www.patsnap.jp/,2026-09-27,日本語サイトあり
V064,onprem,あり,https://www.patsnap.jp/,2026-09-27,クラウドまたはオンプレミスに対応
V064,trial,あり,https://www.patsnap.com/,2026-09-27,14日間無料
V064,pricing,あり,https://eureka.patsnap.com/,2026-09-27,Eureka：月額100ドル・200ドルなどのプランを掲載
V065,no_training,あり,https://www.patentbots.com/feature-overview,2026-09-27,生成AIの入出力を保存せず学習にも使わないと明記
V065,trial,あり,https://www.patentbots.com/,2026-09-27,無料トライアル
V067,trial,あり,https://patentpal.com/,2026-09-27,無料トライアル
V068,no_training,あり,https://patentext.com/pricing,2026-09-27,顧客データをAIモデルの学習に使わないと明記
V068,pricing,あり,https://patentext.com/pricing,2026-09-27,"Starterプラン年額2,700ドル"
V069,ja,あり,https://patentfield.com/,2026-09-27,国内企業
V069,trial,あり,https://patentfield.com/pricing,2026-09-27,無料プラン・無料トライアル
V069,pricing,あり,https://patentfield.com/pricing,2026-09-27,法人向けMiniプラン月額2万円（税別）から
V071,trial,あり,https://patently.com/pricing,2026-09-27,無料プラン（1ユーザー）
V071,pricing,なし,https://patently.com/pricing,2026-09-27,無料プランのほかは個別見積
V072,ja,あり,https://www.patlytics.ai/jp,2026-09-27,日本語サイトあり
V072,no_training,あり,https://www.patlytics.ai/security,2026-09-27,データをモデルの学習・調整に使わないと明記
V076,pricing,あり,https://powerpatent.com/pricing,2026-09-27,200トークン199ドル（追加は1トークン1ドル）
V079,ja,あり,https://www.questel.com/ja/,2026-09-27,日本語サイトあり。AIアシスタントQthenaに日本語向けの専用画面
V080,ja,あり,https://www.rws.com/jp/,2026-09-27,日本語サイトあり
V083,ja,あり,https://smart-ip.co.jp/,2026-09-27,国内企業
V084,no_training,あり,https://www.solveintelligence.com/security,2026-09-27,顧客データをAIモデルの学習に使わないと明記
V087,no_training,あり,https://spellbook.com/,2026-09-27,LLM提供元が学習・保存しない（ゼロデータリテンション）と明記
V087,trial,あり,https://spellbook.com/,2026-09-27,7日間無料
V089,ja,あり,https://www.techno-producer.com/,2026-09-27,国内企業
V089,pricing,あり,https://www.techno-producer.com/advisory-service/,2026-09-27,顧問サービス月額16.5万円（税込）から
V090,ja,あり,https://www.transperfect.com/ja/home,2026-09-27,日本語サイトあり
V091,ja,あり,https://www.valuenex.com/,2026-09-27,国内企業
V091,trial,未確認,https://www.valuenex.com/jp/experience-sessions,2026-09-27,無料の体験会（操作体験のイベント）を定期開催
V092,ja,あり,https://www.property.ne.jp/idtry/,2026-09-27,国内代理店（プロパティ）が窓口
V092,trial,あり,https://www.property.ne.jp/idtry/,2026-09-27,国内代理店（プロパティ）が無料のトライアルIDを発行
V094,ja,あり,https://www.wellspring.com/ja-jp/,2026-09-27,日本語サイトあり
V096,ja,あり,https://xlscout.ai/ja/,2026-09-27,日本語サイトあり
V096,no_training,あり,https://xlscout.ai/security-privacy-control/,2026-09-27,データをLLMの学習に使わないと明記
V096,trial,あり,https://xlscout.ai/xlscout-pricing/,2026-09-27,無料トライアルの申込
V097,ja,あり,https://aiip.jp/,2026-09-27,国内企業
V097,onprem,あり,https://aiip.jp/privacy-policy/,2026-09-27,AWS東京リージョンを基盤に運用
V097,no_training,あり,https://aiip.jp/privacy-policy/,2026-09-27,外部API提供元との契約で、送受信データを学習に使わないと明記
V097,trial,あり,https://aiip.jp/%E6%96%99%E9%87%91%E3%80%80%E7%89%B9%E5%AE%9A%E5%95%86%E5%8F%96%E5%BC%95%E6%B3%95%E3%81%AB%E5%9F%BA%E3%81%A5%E3%81%8F%E8%A1%A8%E8%A8%98%EF%BC%88site-policy%EF%BC%89/,2026-09-27,1週間無料（自動で有料プランに移行しない）
V097,pricing,あり,https://aiip.jp/%E6%96%99%E9%87%91%E3%80%80%E7%89%B9%E5%AE%9A%E5%95%86%E5%8F%96%E5%BC%95%E6%B3%95%E3%81%AB%E5%9F%BA%E3%81%A5%E3%81%8F%E8%A1%A8%E8%A8%98%EF%BC%88site-policy%EF%BC%89/,2026-09-27,1ID月額3万円（税込）から
V098,ja,あり,https://www.amplified.ai/ja/,2026-09-27,国内企業
V098,no_training,あり,https://www.amplified.ai/ja/privacy/,2026-09-27,利用者のコンテンツをAIモデルの学習に使わないと明記
V098,trial,あり,https://www.amplified.ai/ja/how-it-works/,2026-09-27,無料トライアルの申込
V098,pricing,あり,https://www.amplified.ai/ja/pricing/,2026-09-27,月額7.5万円から
V100,ja,あり,https://www.incopat.com/ja/,2026-09-27,日本語サイト・日本語画面あり
V100,trial,あり,https://www.incopat.com/,2026-09-27,無料トライアル
V102,ja,あり,https://rootip.co.jp/,2026-09-27,国内企業
V102,onprem,あり,https://rootip.co.jp/about/security,2026-09-27,AWSの東京・大阪リージョンを採用
V102,trial,あり,https://rootip.co.jp/,2026-09-27,無料トライアル
V102,pricing,あり,https://rootip.co.jp/,2026-09-27,初期費用44万円から、月額1.65万円から（税込）
V103,ja,あり,https://www.wertcorp.com/ja/main,2026-09-27,日本語サイトあり
V105,ja,未確認,https://pr-free.jp/2024/109134/,2026-10-03,日本語の発表資料はある（本社は韓国ソウル）。日本語の窓口・日本法人は未確認
V106,ja,あり,https://www.ibr.co.jp/,2026-09-27,国内企業
V106,onprem,あり,https://www.ibr.co.jp/,2026-09-27,イントラネット内・スタンドアロン環境で動くローカルLLM（CPUのみ）
V107,ja,あり,https://www.ird.co.jp/,2026-09-27,国内企業
V108,ja,あり,https://ipfine.jp/,2026-09-27,国内企業
V108,trial,あり,https://ipfine.jp/,2026-09-27,無料トライアル
V109,ja,あり,https://www.patvisual.co/,2026-09-27,国内企業
V109,trial,あり,https://www.patvisual.co/,2026-09-27,7日間無料
V109,pricing,あり,https://www.patvisual.co/,2026-09-27,ベーシックプラン月額3.5万円（税別）
V110,ja,あり,https://www.acrosoft.co.jp/,2026-09-27,国内企業
V111,ja,あり,https://www.astamuse.co.jp/,2026-09-27,国内企業
V112,ja,あり,https://www.innovation-r.com/,2026-09-27,国内企業
V114,ja,あり,https://www.emuniinc.jp/,2026-09-27,国内企業
V114,onprem,未確認,https://www.emuniinc.jp/,2026-09-27,オンプレミスのチャットボット開発は提供。AI特許ロケットの提供形態は未確認
V115,ja,あり,https://sakatabs.com/,2026-09-27,国内企業
V116,ja,あり,https://www.sunflare.com/,2026-09-27,国内企業
V116,trial,あり,https://www.sunflare.com/faq/,2026-09-27,翻訳の無料トライアル（試訳）
V117,ja,あり,https://www.g-search.or.jp/,2026-09-27,国内企業
V117,pricing,未確認,https://www.g-search.or.jp/,2026-09-27,G-Searchデータベースは月会費660円からと公開。JDreamⅢ・RightFindの料金は未確認
V118,ja,あり,https://www.suzuye.co.jp/,2026-09-27,国内企業
V119,ja,あり,https://www.technoresearch.co.jp/,2026-09-27,国内企業
V120,ja,あり,https://www.tesco-search.com/,2026-09-27,国内企業
V121,ja,あり,https://trans-n.ai/,2026-09-27,国内企業
V121,onprem,あり,https://trans-n.ai/,2026-09-27,ローカル環境への導入まで提供
V121,pricing,なし,https://trans-n.ai/products/,2026-09-27,価格は個別見積
V122,ja,あり,https://www.kempos.co.jp/,2026-09-27,国内企業
V123,ja,あり,https://www.hypergear.com/,2026-09-27,国内企業
V124,ja,あり,https://www.pasona-kp.co.jp/,2026-09-27,国内企業
V125,ja,あり,https://patent-i.com/summaria/,2026-09-27,国内企業
V125,no_training,あり,https://summaria.jp/,2026-09-27,入力情報をAIサービス側の学習に使わないと明記
V125,trial,あり,https://summaria.jp/,2026-09-27,無料トライアル
V125,pricing,あり,https://summaria.jp/,2026-09-27,"月額8,000円（税抜）から"
V126,ja,あり,https://www.patentresult.co.jp/,2026-09-27,国内企業
V127,ja,あり,https://www.panasonic.com/jp/business/its/patentsquare.html,2026-09-27,国内企業
V128,ja,あり,https://www.future.co.jp/,2026-09-27,国内企業
V129,ja,あり,https://www.property.ne.jp/,2026-09-27,国内企業
V129,trial,あり,https://www.property.ne.jp/idtry/,2026-09-27,取扱いシステムのトライアルIDを無料で発行
V130,ja,あり,https://info-dooup.base.co.jp/,2026-09-27,国内企業
V131,ja,あり,https://www.migalio.com/,2026-09-27,国内企業
V132,ja,あり,https://yoursup.co.jp/,2026-09-27,国内企業
V132,onprem,あり,https://yoursup.co.jp/,2026-09-27,主要データは日本国内リージョンに保存、生成文書は利用者のPC上に保存
V132,no_training,あり,https://yoursup.co.jp/,2026-09-27,データをAIモデルの学習に一切使わないと明記
V133,ja,あり,https://jp.ub-speeda.com/,2026-09-27,国内企業
V133,trial,あり,https://jp.ub-speeda.com/,2026-09-27,無料トライアル
V133,pricing,なし,https://jp.ub-speeda.com/,2026-09-27,料金は問い合わせで案内
V134,ja,あり,https://legaltech.co.jp/,2026-09-27,国内企業
V135,ja,あり,https://www.rozetta.jp/,2026-09-27,国内企業
V135,trial,あり,https://www.rozetta.jp/,2026-09-27,無料トライアル
V135,pricing,未確認,https://www.rozetta.jp/lp/onyaku/,2026-09-27,別製品（オンヤク）は料金例を公開。T-4OOの料金は未確認
V136,ja,あり,https://www.cks.co.jp/,2026-09-27,国内企業
V137,ja,あり,https://www.jaici.or.jp/,2026-09-27,国内企業
V137,trial,あり,https://www.jaici.or.jp/,2026-09-27,機械翻訳サービスの無料トライアル
V138,ja,あり,https://www.k-intl.co.jp/,2026-09-27,国内企業
V139,ja,あり,https://nihon-ir.jp/,2026-09-27,国内企業
V139,trial,あり,https://nihon-ir.jp/qa/,2026-09-27,翻訳の無料トライアル（試訳）
V139,pricing,あり,https://nihon-ir.jp/service/patentsearch-solution/main/patent-search-price/,2026-09-27,"特許調査の標準料金を公開（出願前調査65,000円から）"
V140,ja,あり,https://www.jpds.co.jp/,2026-09-27,国内企業
V141,ja,あり,https://www.japio.or.jp/,2026-09-27,国内企業
V141,pricing,あり,https://www.japio.or.jp/service/serviceD1_01.html,2026-09-27,"調査サービスの料金表を公開（意匠権調査1件84,700円など）"
V142,ja,あり,https://www.hitachi-sis.co.jp/,2026-09-27,国内企業
V143,ja,あり,https://www.hitachi.co.jp/,2026-09-27,国内企業
V144,ja,あり,https://www.global.toshiba/jp/products-solutions/business-ict/patent.html,2026-09-27,国内企業
V145,ja,あり,https://www.hatsumei.co.jp/,2026-09-27,国内企業
V145,pricing,あり,https://www.hatsumei.co.jp/japio_gpgfx/,2026-09-27,"Japio-GPG/FX関連サービス月額31,500円（1ID）など"
V146,ja,あり,https://www.chizai.jp/,2026-09-27,国内企業
V146,onprem,あり,https://www.chizai.jp/service/ai-services/,2026-09-27,提携先が開発したオンプレミス型AIを使い、外部クラウドに依存しない
V146,no_training,あり,https://www.chizai.jp/service/ai-services/,2026-09-27,預かった情報をAIの再学習（二次利用）に使わないと明記
V146,pricing,なし,https://www.chizai.jp/service/ai-services/,2026-09-27,料金体系は相談で案内
V147,ja,あり,https://sites.google.com/straiplabo.com/straiplabo/,2026-09-27,国内企業
V148,ja,あり,https://www.honyakuctr.com/,2026-09-27,国内企業
V149,ja,あり,https://www.dentsusoken.com/,2026-09-27,国内企業
V150,ja,あり,https://www.washidapat.com/,2026-09-27,国内企業
V153,ja,あり,https://triart.co.jp/,2026-09-27,国内企業
V154,ja,あり,https://www.toyota-td.jp/business/ip/service/,2026-10-03,国内企業
V154,trial,未確認,https://prtimes.jp/main/html/rd/p/000000039.000070679.html,2026-10-03,2026年3月末まで期間限定の無料トライアル（2週間・5名まで）を実施（終了）
V155,ja,未確認,https://www.claimhit.com/faq,2026-10-03,日本・中国・韓国の特許にはEPOの翻訳経由で対応。日本語の窓口は未確認
V155,no_training,あり,https://www.claimhit.com/security,2026-10-03,AIモデル提供元はゼロデータリテンション、またはAPI経由の学習なしと明記
V155,trial,未確認,https://www.claimhit.com/,2026-10-03,試用は有料（99ドル・返金保証つき）
V155,pricing,あり,https://www.claimhit.com/,2026-10-03,1特許のパイロット99ドル（30日返金保証）、以降はクレジット制
V158,no_training,あり,https://blackhills.ai/security-center/,2026-10-03,閉じたAI環境とゼロデータリテンションで、機密情報を公開AIモデルの学習に使わないと明記
V158,trial,あり,https://blackhills.ai/otto-ip/free-demo/,2026-10-03,Otto IPの無料トライアル
