vendor_id,cat_id,role,source,checked_at
V001,01,主,カオスマップ2026.9の配置,2026-09-17
V001,02,副,prtimes 000000300.000021559：知財AIエージェントが発明提案書作成・競合分析・ポートフォリオ分析・知財戦略立案を支援,2026-09-27
V001,03,主,カオスマップ2026.9の配置,2026-09-17
V001,04,主,カオスマップ2026.9の配置,2026-09-17
V001,05,主,カオスマップ2026.9の配置,2026-09-17
V001,07,副,prtimes 000000300.000021559：知財AIエージェントが発明提案書作成・競合分析・ポートフォリオ分析・知財戦略立案を支援,2026-09-27
V002,06,主,カオスマップ2026.9の配置,2026-09-17
V002,07,副,2026知財・情報フェア出展社情報：AI分析×専門家の知財戦略コンサルティング、特許調査,2026-09-27
V002,17,副,2026知財・情報フェア出展社情報：AI分析×専門家の知財戦略コンサルティング、特許調査,2026-09-27
V003,01,主,カオスマップ2026.9の配置,2026-09-17
V003,02,主,カオスマップ2026.9の配置,2026-09-17
V003,06,副,prtimes 000000013.000124450：トヨタテクニカルディベロップメントと生成AIによる特許図面生成プロジェクト,2026-09-27
V003,18,主,カオスマップ2026.9の配置,2026-09-17
V004,03,主,カオスマップ2026.9の配置,2026-09-17
V004,05,副,2026知財・情報フェア出展社情報：拒絶対応・公報分類まで一貫,2026-09-27
V004,07,副,2026知財・情報フェア出展社情報：拒絶対応・公報分類まで一貫,2026-09-27
V004,12,主,カオスマップ2026.9の配置,2026-09-17
V005,06,主,カオスマップ2026.9の配置,2026-09-17
V006,03,副,asu.co.jp/solution/ip_legal/ip_dept/aicrea：Aicreaは発明構成要素の自動抽出・構成要素ごとの類似度算出・根拠付き対比表・社内未公開情報の可視化。DBBOY/uniを販売,2026-09-27
V006,04,主,カオスマップ2026.9の配置,2026-09-17
V006,07,副,asu.co.jp/solution/ip_legal/ip_dept/aicrea：Aicreaは発明構成要素の自動抽出・構成要素ごとの類似度算出・根拠付き対比表・社内未公開情報の可視化。DBBOY/uniを販売,2026-09-27
V006,09,副,asu.co.jp/solution/ip_legal/ip_dept/aicrea：Aicreaは発明構成要素の自動抽出・構成要素ごとの類似度算出・根拠付き対比表・社内未公開情報の可視化。DBBOY/uniを販売,2026-09-27
V006,12,副,asu.co.jp/solution/ip_legal/ip_dept/aicrea：Aicreaは発明構成要素の自動抽出・構成要素ごとの類似度算出・根拠付き対比表・社内未公開情報の可視化。DBBOY/uniを販売,2026-09-27
V006,14,主,カオスマップ2026.9の配置,2026-09-17
V007,04,主,カオスマップ2026.9の配置,2026-09-17
V008,09,主,カオスマップ2026.9の配置,2026-09-17
V008,10,主,カオスマップ2026.9の配置,2026-09-17
V009,03,主,カオスマップ2026.9の配置,2026-09-17
V009,07,副,紹介文・ambercite.com：引用ネットワーク分析、特許関係マップ,2026-09-27
V010,03,主,カオスマップ2026.9の配置,2026-09-17
V010,04,主,カオスマップ2026.9の配置,2026-09-17
V010,07,副,2026知財・情報フェア出展社情報：分析ソリューションAcclaimIP、ドメイン名管理・模倣品対策のブランド保護,2026-09-27
V010,09,主,カオスマップ2026.9の配置,2026-09-17
V010,10,副,2026知財・情報フェア出展社情報：分析ソリューションAcclaimIP、ドメイン名管理・模倣品対策のブランド保護,2026-09-27
V010,11,副,2026知財・情報フェア出展社情報：分析ソリューションAcclaimIP、ドメイン名管理・模倣品対策のブランド保護,2026-09-27
V011,01,主,カオスマップ2026.9の配置,2026-09-17
V011,04,主,カオスマップ2026.9の配置,2026-09-17
V011,05,副,ankar.ai：発明可能性の検証から明細書・中間対応・侵害検出まで,2026-09-27
V011,12,副,ankar.ai：発明可能性の検証から明細書・中間対応・侵害検出まで,2026-09-27
V012,09,主,カオスマップ2026.9の配置,2026-09-17
V013,08,主,カオスマップ2026.9の配置,2026-09-17
V013,09,副,arcprime.com/solutions：AI IP Management System、Licensing Intelligence,2026-09-27
V013,14,副,arcprime.com/solutions：AI IP Management System、Licensing Intelligence,2026-09-27
V014,06,主,カオスマップ2026.9の配置,2026-09-17
V015,11,主,カオスマップ2026.9の配置,2026-09-17
V016,03,主,カオスマップ2026.9の配置,2026-09-17
V016,16,主,カオスマップ2026.9の配置,2026-09-17
V017,09,主,カオスマップ2026.9の配置,2026-09-17
V018,06,主,カオスマップ2026.9の配置,2026-09-17
V019,03,主,カオスマップ2026.9の配置,2026-09-17
V019,04,主,カオスマップ2026.9の配置,2026-09-17
V019,06,主,カオスマップ2026.9の配置,2026-09-17
V019,07,主,カオスマップ2026.9の配置,2026-09-17
V019,09,主,カオスマップ2026.9の配置,2026-09-17
V019,10,主,カオスマップ2026.9の配置,2026-09-17
V019,11,主,カオスマップ2026.9の配置,2026-09-17
V019,12,副,clarivate.com：Derwentのデザイン特許侵害検出,2026-09-27
V019,13,主,カオスマップ2026.9の配置,2026-09-17
V019,16,主,カオスマップ2026.9の配置,2026-09-17
V020,11,主,カオスマップ2026.9の配置,2026-09-17
V021,10,主,カオスマップ2026.9の配置,2026-09-17
V021,11,主,カオスマップ2026.9の配置,2026-09-17
V022,10,主,カオスマップ2026.9の配置,2026-09-17
V023,11,主,カオスマップ2026.9の配置,2026-09-17
V024,14,主,カオスマップ2026.9の配置,2026-09-17
V025,01,主,カオスマップ2026.9の配置,2026-09-17
V025,07,主,カオスマップ2026.9の配置,2026-09-17
V026,02,主,カオスマップ2026.9の配置,2026-09-17
V026,04,主,カオスマップ2026.9の配置,2026-09-17
V026,05,主,カオスマップ2026.9の配置,2026-09-17
V026,07,副,deepip.ai：portfolio intelligence、competitive analysis、litigation readiness,2026-09-27
V026,12,主,カオスマップ2026.9の配置,2026-09-17
V026,13,副,deepip.ai：portfolio intelligence、competitive analysis、litigation readiness,2026-09-27
V027,07,副,2026知財・情報フェア出展社情報：知財ポートフォリオの可視化から洞察を導く,2026-09-27
V027,09,主,カオスマップ2026.9の配置,2026-09-17
V028,13,主,カオスマップ2026.9の配置,2026-09-17
V029,13,副,紹介文・drugpatentwatch.com：Orange Book/Purple Bookと訴訟データを結合,2026-09-27
V029,16,主,カオスマップ2026.9の配置,2026-09-17
V030,04,主,カオスマップ2026.9の配置,2026-09-17
V030,06,副,紹介文・tryedge.io：図面エディタを統合,2026-09-27
V031,09,主,カオスマップ2026.9の配置,2026-09-17
V032,10,主,カオスマップ2026.9の配置,2026-09-17
V033,10,副,brandsecurity.gmo：商標管理ツールBRANTECT byGMO,2026-09-27
V033,11,主,カオスマップ2026.9の配置,2026-09-17
V034,01,主,カオスマップ2026.9の配置,2026-09-17
V034,02,主,カオスマップ2026.9の配置,2026-09-17
V034,03,副,shimadzu.co.jp/news/2026：明細書作成・特許翻訳・中間処理・先行技術調査・侵害予防・契約書レビュー,2026-09-27
V034,04,主,カオスマップ2026.9の配置,2026-09-17
V034,05,副,shimadzu.co.jp/news/2026：明細書作成・特許翻訳・中間処理・先行技術調査・侵害予防・契約書レビュー,2026-09-27
V034,06,副,shimadzu.co.jp/news/2026：明細書作成・特許翻訳・中間処理・先行技術調査・侵害予防・契約書レビュー,2026-09-27
V034,12,副,shimadzu.co.jp/news/2026：明細書作成・特許翻訳・中間処理・先行技術調査・侵害予防・契約書レビュー,2026-09-27
V034,14,副,shimadzu.co.jp/news/2026：明細書作成・特許翻訳・中間処理・先行技術調査・侵害予防・契約書レビュー,2026-09-27
V035,03,主,カオスマップ2026.9の配置,2026-09-17
V035,08,主,カオスマップ2026.9の配置,2026-09-17
V035,12,主,カオスマップ2026.9の配置,2026-09-17
V035,17,副,greyb.com：特許調査・分析サービス,2026-09-27
V036,01,主,カオスマップ2026.9の配置,2026-09-17
V036,18,主,カオスマップ2026.9の配置,2026-09-17
V037,10,主,カオスマップ2026.9の配置,2026-09-17
V037,11,副,紹介文・huski.ai：商標侵害の早期検知,2026-09-27
V038,11,主,カオスマップ2026.9の配置,2026-09-17
V039,10,主,カオスマップ2026.9の配置,2026-09-17
V040,01,主,カオスマップ2026.9の配置,2026-09-17
V040,02,主,カオスマップ2026.9の配置,2026-09-17
V040,03,副,ip.com：InnovationQによる特許・非特許文献検索,2026-09-27
V041,07,副,紹介文・ip8.ai：ポートフォリオを仕分ける分析,2026-09-27
V041,12,主,カオスマップ2026.9の配置,2026-09-17
V042,03,主,カオスマップ2026.9の配置,2026-09-17
V042,07,副,"iprally.com：AI Patent Search, Review & Classification",2026-09-27
V043,04,副,2026知財・情報フェア出展社情報：生成AIを活用した明細書作成・先行技術調査・中間対応,2026-09-27
V043,05,主,カオスマップ2026.9の配置,2026-09-17
V044,07,主,カオスマップ2026.9の配置,2026-09-17
V045,09,主,カオスマップ2026.9の配置,2026-09-17
V046,08,主,カオスマップ2026.9の配置,2026-09-17
V046,14,副,2026知財・情報フェア出展社情報：PatentRevenueで売買・ライセンスの成約まで支援,2026-09-27
V047,01,主,カオスマップ2026.9の配置,2026-09-17
V048,09,主,カオスマップ2026.9の配置,2026-09-17
V049,14,主,カオスマップ2026.9の配置,2026-09-17
V050,14,主,カオスマップ2026.9の配置,2026-09-17
V051,03,副,紹介文・leegal.ai：先行技術調査からFTO、明細書までをエージェントが連続処理,2026-09-27
V051,04,主,カオスマップ2026.9の配置,2026-09-17
V051,12,副,紹介文・leegal.ai：先行技術調査からFTO、明細書までをエージェントが連続処理,2026-09-27
V052,14,主,カオスマップ2026.9の配置,2026-09-17
V053,03,主,カオスマップ2026.9の配置,2026-09-17
V053,05,主,カオスマップ2026.9の配置,2026-09-17
V053,06,主,カオスマップ2026.9の配置,2026-09-17
V053,07,主,カオスマップ2026.9の配置,2026-09-17
V053,08,主,カオスマップ2026.9の配置,2026-09-17
V053,13,主,カオスマップ2026.9の配置,2026-09-17
V053,16,主,カオスマップ2026.9の配置,2026-09-17
V054,01,主,カオスマップ2026.9の配置,2026-09-17
V054,04,主,カオスマップ2026.9の配置,2026-09-17
V054,09,副,"law360 2490114：patent strategy, filing, and portfolio management through a single platform",2026-09-27
V055,10,主,カオスマップ2026.9の配置,2026-09-17
V056,10,副,2026知財・情報フェア出展社情報：知財の作成・管理・保護をワンストップ、商標管理の自動化,2026-09-27
V056,11,主,カオスマップ2026.9の配置,2026-09-17
V057,03,主,カオスマップ2026.9の配置,2026-09-17
V057,07,主,カオスマップ2026.9の配置,2026-09-17
V058,03,主,カオスマップ2026.9の配置,2026-09-17
V058,12,副,紹介文・nlpatent.com：FTOでの利用,2026-09-27
V059,01,主,カオスマップ2026.9の配置,2026-09-17
V059,02,主,カオスマップ2026.9の配置,2026-09-17
V060,01,主,カオスマップ2026.9の配置,2026-09-17
V060,02,副,nttdata.com 2026/081900：発明相談から発明提案書作成までを支援。AI活用の着手から組織への定着まで支援,2026-09-27
V060,18,副,nttdata.com 2026/081900：発明相談から発明提案書作成までを支援。AI活用の着手から組織への定着まで支援,2026-09-27
V061,01,主,カオスマップ2026.9の配置,2026-09-17
V062,03,主,カオスマップ2026.9の配置,2026-09-17
V063,03,主,カオスマップ2026.9の配置,2026-09-17
V063,07,副,紹介文・patseer.com：特許検索・分析プラットフォーム、分析テンプレート,2026-09-27
V064,01,主,カオスマップ2026.9の配置,2026-09-17
V064,03,主,カオスマップ2026.9の配置,2026-09-17
V064,04,副,eureka.patsnap.com：特許調査・FTO・明細書作成・意匠クリアランスのAIエージェント,2026-09-27
V064,07,主,カオスマップ2026.9の配置,2026-09-17
V064,12,副,eureka.patsnap.com：特許調査・FTO・明細書作成・意匠クリアランスのAIエージェント,2026-09-27
V065,06,主,カオスマップ2026.9の配置,2026-09-17
V066,06,主,カオスマップ2026.9の配置,2026-09-17
V067,04,主,カオスマップ2026.9の配置,2026-09-17
V067,06,副,紹介文・patentpal.com：フローチャート・ブロック図を生成,2026-09-27
V068,04,主,カオスマップ2026.9の配置,2026-09-17
V069,03,主,カオスマップ2026.9の配置,2026-09-17
V069,07,副,product.patentfield.com：AI分類・課題/用途ラベル・IPランドスケープ・レポート生成（Patentfield AIR）。事業内容に特許情報を活用したマッチング支援,2026-09-27
V069,08,副,product.patentfield.com：AI分類・課題/用途ラベル・IPランドスケープ・レポート生成（Patentfield AIR）。事業内容に特許情報を活用したマッチング支援,2026-09-27
V070,03,主,カオスマップ2026.9の配置,2026-09-17
V071,03,副,紹介文・patently.com：検索・ドラフト・出願・分析を一つにまとめたプラットフォーム,2026-09-27
V071,04,主,カオスマップ2026.9の配置,2026-09-17
V071,07,副,紹介文・patently.com：検索・ドラフト・出願・分析を一つにまとめたプラットフォーム,2026-09-27
V072,02,主,カオスマップ2026.9の配置,2026-09-17
V072,04,主,カオスマップ2026.9の配置,2026-09-17
V072,05,主,カオスマップ2026.9の配置,2026-09-17
V072,07,主,カオスマップ2026.9の配置,2026-09-17
V072,08,副,businesswire 20260408：transactional due diligence、ポートフォリオ分析から収益化まで,2026-09-27
V072,12,主,カオスマップ2026.9の配置,2026-09-17
V072,13,主,カオスマップ2026.9の配置,2026-09-17
V073,09,主,カオスマップ2026.9の配置,2026-09-17
V074,08,主,カオスマップ2026.9の配置,2026-09-17
V074,14,主,カオスマップ2026.9の配置,2026-09-17
V075,11,主,カオスマップ2026.9の配置,2026-09-17
V076,04,主,カオスマップ2026.9の配置,2026-09-17
V076,05,主,カオスマップ2026.9の配置,2026-09-17
V077,13,主,カオスマップ2026.9の配置,2026-09-17
V078,08,主,カオスマップ2026.9の配置,2026-09-17
V079,03,主,カオスマップ2026.9の配置,2026-09-17
V079,04,主,カオスマップ2026.9の配置,2026-09-17
V079,05,主,カオスマップ2026.9の配置,2026-09-17
V079,06,主,カオスマップ2026.9の配置,2026-09-17
V079,07,副,questel.com：Orbit Intelligenceの分析機能,2026-09-27
V079,09,主,カオスマップ2026.9の配置,2026-09-17
V079,10,主,カオスマップ2026.9の配置,2026-09-17
V080,03,副,2026知財・情報フェア出展社情報：AI活用型特許データベース、特許年金管理、ブランド保護、170か国以上の特許調査,2026-09-27
V080,06,主,カオスマップ2026.9の配置,2026-09-17
V080,09,副,2026知財・情報フェア出展社情報：AI活用型特許データベース、特許年金管理、ブランド保護、170か国以上の特許調査,2026-09-27
V080,11,副,2026知財・情報フェア出展社情報：AI活用型特許データベース、特許年金管理、ブランド保護、170か国以上の特許調査,2026-09-27
V080,17,副,2026知財・情報フェア出展社情報：AI活用型特許データベース、特許年金管理、ブランド保護、170か国以上の特許調査,2026-09-27
V081,11,主,カオスマップ2026.9の配置,2026-09-17
V082,01,主,カオスマップ2026.9の配置,2026-09-17
V082,12,主,カオスマップ2026.9の配置,2026-09-17
V083,04,主,カオスマップ2026.9の配置,2026-09-17
V084,02,主,カオスマップ2026.9の配置,2026-09-17
V084,04,主,カオスマップ2026.9の配置,2026-09-17
V084,05,主,カオスマップ2026.9の配置,2026-09-17
V084,06,副,solveintelligence.com：figure generation（図面生成）,2026-09-27
V084,12,主,カオスマップ2026.9の配置,2026-09-17
V085,03,主,カオスマップ2026.9の配置,2026-09-17
V086,04,主,カオスマップ2026.9の配置,2026-09-17
V087,14,主,カオスマップ2026.9の配置,2026-09-17
V088,15,主,カオスマップ2026.9の配置,2026-09-17
V089,01,主,カオスマップ2026.9の配置,2026-09-17
V089,07,副,IPランドスケープ支援・生成AI×特許分析,2026-09-27
V090,06,主,カオスマップ2026.9の配置,2026-09-17
V091,01,副,2026知財・情報フェア出展社情報：ビッグデータ俯瞰解析で戦略立案や新製品開発に資する示唆を導く,2026-09-27
V091,07,主,カオスマップ2026.9の配置,2026-09-17
V092,03,主,カオスマップ2026.9の配置,2026-09-17
V092,07,主,カオスマップ2026.9の配置,2026-09-17
V092,09,副,Questelとのグローバル年金管理提携（2025年6月）、年金管理サービス,2026-09-27
V093,11,主,カオスマップ2026.9の配置,2026-09-17
V094,01,主,カオスマップ2026.9の配置,2026-09-17
V094,02,主,カオスマップ2026.9の配置,2026-09-17
V095,09,主,カオスマップ2026.9の配置,2026-09-17
V096,01,副,xlscout.ai：PatDigger LLMによるアイデア創出,2026-09-27
V096,03,主,カオスマップ2026.9の配置,2026-09-17
V096,04,主,カオスマップ2026.9の配置,2026-09-17
V096,12,主,カオスマップ2026.9の配置,2026-09-17
V097,01,主,カオスマップ2026.9の配置,2026-09-17
V097,02,主,カオスマップ2026.9の配置,2026-09-17
V097,03,副,2026知財・情報フェア出展社情報：FTO調査、情報提供・異議申立・無効審判による他社牽制,2026-09-27
V097,04,主,カオスマップ2026.9の配置,2026-09-17
V097,05,主,カオスマップ2026.9の配置,2026-09-17
V097,12,主,カオスマップ2026.9の配置,2026-09-17
V097,13,副,2026知財・情報フェア出展社情報：FTO調査、情報提供・異議申立・無効審判による他社牽制,2026-09-27
V098,01,主,カオスマップ2026.9の配置,2026-09-17
V098,03,主,カオスマップ2026.9の配置,2026-09-17
V099,07,主,カオスマップ2026.9の配置,2026-09-17
V099,12,副,紹介文・anovip.com：FTOとポートフォリオ分析,2026-09-27
V100,03,主,カオスマップ2026.9の配置,2026-09-17
V101,08,主,カオスマップ2026.9の配置,2026-09-17
V101,14,主,カオスマップ2026.9の配置,2026-09-17
V102,09,主,カオスマップ2026.9の配置,2026-09-17
V103,03,主,カオスマップ2026.9の配置,2026-09-17
V103,07,主,カオスマップ2026.9の配置,2026-09-17
V103,16,主,カオスマップ2026.9の配置,2026-09-17
V104,01,主,カオスマップ2026.9の配置,2026-09-17
V104,14,副,yet2.com：技術移転・ライセンシングの仲介,2026-09-27
V105,04,主,カオスマップ2026.9の配置,2026-09-17
V106,04,主,カオスマップ2026.9の配置,2026-09-17
V106,05,主,カオスマップ2026.9の配置,2026-09-17
V106,06,副,2026知財・情報フェア出展社情報：明細書作成・チェック・出願支援。サポライター（文書作成支援）,2026-09-27
V107,04,主,カオスマップ2026.9の配置,2026-09-17
V108,01,副,2026知財・情報フェア出展社情報：革新的な発明・事業の創出のための情報革新。R&Dランドスケープ「IIC」,2026-09-27
V108,03,主,カオスマップ2026.9の配置,2026-09-17
V108,07,主,カオスマップ2026.9の配置,2026-09-17
V109,03,主,カオスマップ2026.9の配置,2026-09-17
V109,12,主,カオスマップ2026.9の配置,2026-09-17
V110,07,副,2026知財・情報フェア出展社情報：知財データ分析とIPランドスケープによる経営戦略支援,2026-09-27
V110,08,主,カオスマップ2026.9の配置,2026-09-17
V111,01,主,カオスマップ2026.9の配置,2026-09-17
V111,07,副,astamuse.co.jp：特許・論文・スタートアップ・助成金を統合したデータで技術DDを支援,2026-09-27
V112,07,副,innovation-r.com：技術動向分析「イノベーションレポート」。特許庁の知財ビジネス評価書作成会社（令和2年度）。知財分析の内製化支援,2026-09-27
V112,08,副,innovation-r.com：技術動向分析「イノベーションレポート」。特許庁の知財ビジネス評価書作成会社（令和2年度）。知財分析の内製化支援,2026-09-27
V112,17,主,カオスマップ2026.9の配置,2026-09-17
V112,18,副,innovation-r.com：技術動向分析「イノベーションレポート」。特許庁の知財ビジネス評価書作成会社（令和2年度）。知財分析の内製化支援,2026-09-27
V113,07,主,カオスマップ2026.9の配置,2026-09-17
V113,08,主,カオスマップ2026.9の配置,2026-09-17
V114,03,副,2026知財・情報フェア出展社情報：検索式の自動生成・先行技術調査。業務に合わせたオーダーメイドAI開発,2026-09-27
V114,07,主,カオスマップ2026.9の配置,2026-09-17
V114,12,主,カオスマップ2026.9の配置,2026-09-17
V114,18,副,2026知財・情報フェア出展社情報：検索式の自動生成・先行技術調査。業務に合わせたオーダーメイドAI開発,2026-09-27
V115,11,主,カオスマップ2026.9の配置,2026-09-17
V116,06,主,カオスマップ2026.9の配置,2026-09-17
V116,17,副,2026知財・情報フェア出展社情報：先行技術・クリアランス・無効資料・技術動向の特許調査,2026-09-27
V117,14,主,カオスマップ2026.9の配置,2026-09-17
V117,16,主,カオスマップ2026.9の配置,2026-09-17
V117,17,主,カオスマップ2026.9の配置,2026-09-17
V118,04,副,2026知財・情報フェア出展社情報：AIが構造化した明細書ドラフトを弁理士が精査しJPO提出まで対応,2026-09-27
V118,05,主,カオスマップ2026.9の配置,2026-09-17
V119,07,副,2026知財・情報フェア出展社情報：IPランドスケープ、パテントマップ作成,2026-09-27
V119,17,主,カオスマップ2026.9の配置,2026-09-17
V120,07,副,tesco-search.com：技術テーマ別の特許マップ、侵害チェック、意匠・商標調査,2026-09-27
V120,10,副,tesco-search.com：技術テーマ別の特許マップ、侵害チェック、意匠・商標調査,2026-09-27
V120,12,副,tesco-search.com：技術テーマ別の特許マップ、侵害チェック、意匠・商標調査,2026-09-27
V120,17,主,カオスマップ2026.9の配置,2026-09-17
V121,04,主,カオスマップ2026.9の配置,2026-09-17
V122,09,主,カオスマップ2026.9の配置,2026-09-17
V123,15,主,カオスマップ2026.9の配置,2026-09-17
V124,07,副,2026知財・情報フェア出展社情報：知財ポートフォリオ分析・競合分析、管理事務まで対応,2026-09-27
V124,09,副,2026知財・情報フェア出展社情報：知財ポートフォリオ分析・競合分析、管理事務まで対応,2026-09-27
V124,17,主,カオスマップ2026.9の配置,2026-09-17
V124,18,主,カオスマップ2026.9の配置,2026-09-17
V125,01,副,patent-i.com/summaria：先行技術調査・発明届出・新規出願・拒絶理由対応・クリアランス・係争対応・権利維持判断・特許解析を支援。明細書作成支援（2024）、スクリーニング、SDIを搭載,2026-09-27
V125,02,副,patent-i.com/summaria：先行技術調査・発明届出・新規出願・拒絶理由対応・クリアランス・係争対応・権利維持判断・特許解析を支援。明細書作成支援（2024）、スクリーニング、SDIを搭載,2026-09-27
V125,03,主,カオスマップ2026.9の配置,2026-09-17
V125,04,副,patent-i.com/summaria：先行技術調査・発明届出・新規出願・拒絶理由対応・クリアランス・係争対応・権利維持判断・特許解析を支援。明細書作成支援（2024）、スクリーニング、SDIを搭載,2026-09-27
V125,05,副,patent-i.com/summaria：先行技術調査・発明届出・新規出願・拒絶理由対応・クリアランス・係争対応・権利維持判断・特許解析を支援。明細書作成支援（2024）、スクリーニング、SDIを搭載,2026-09-27
V125,07,副,patent-i.com/summaria：先行技術調査・発明届出・新規出願・拒絶理由対応・クリアランス・係争対応・権利維持判断・特許解析を支援。明細書作成支援（2024）、スクリーニング、SDIを搭載,2026-09-27
V125,08,副,patent-i.com/summaria：先行技術調査・発明届出・新規出願・拒絶理由対応・クリアランス・係争対応・権利維持判断・特許解析を支援。明細書作成支援（2024）、スクリーニング、SDIを搭載,2026-09-27
V125,12,副,patent-i.com/summaria：先行技術調査・発明届出・新規出願・拒絶理由対応・クリアランス・係争対応・権利維持判断・特許解析を支援。明細書作成支援（2024）、スクリーニング、SDIを搭載,2026-09-27
V125,13,副,patent-i.com/summaria：先行技術調査・発明届出・新規出願・拒絶理由対応・クリアランス・係争対応・権利維持判断・特許解析を支援。明細書作成支援（2024）、スクリーニング、SDIを搭載,2026-09-27
V126,01,副,2026知財・情報フェア出展社情報：技術内容の理解から競合分析・アイデア創出まで支援。Biz Cruncherは特許の注目度スコアを算出,2026-09-27
V126,07,主,カオスマップ2026.9の配置,2026-09-17
V126,08,副,2026知財・情報フェア出展社情報：技術内容の理解から競合分析・アイデア創出まで支援。Biz Cruncherは特許の注目度スコアを算出,2026-09-27
V127,03,主,カオスマップ2026.9の配置,2026-09-17
V127,07,副,panasonic.com/jp/business/its/patentsquare：AI自動分類、知財BIダッシュボード（最大100万件の可視化）,2026-09-27
V128,04,主,カオスマップ2026.9の配置,2026-09-17
V128,09,主,カオスマップ2026.9の配置,2026-09-17
V129,03,副,property.ne.jp：特許意匠商標調査・解析・翻訳・ライセンス・データベース（ORBIT.com、WIPS Global）,2026-09-27
V129,06,副,property.ne.jp：特許意匠商標調査・解析・翻訳・ライセンス・データベース（ORBIT.com、WIPS Global）,2026-09-27
V129,07,主,カオスマップ2026.9の配置,2026-09-17
V129,10,主,カオスマップ2026.9の配置,2026-09-17
V129,14,副,property.ne.jp：特許意匠商標調査・解析・翻訳・ライセンス・データベース（ORBIT.com、WIPS Global）,2026-09-27
V129,17,主,カオスマップ2026.9の配置,2026-09-17
V130,09,主,カオスマップ2026.9の配置,2026-09-17
V130,14,副,info-dooup.base.co.jp：Dooupで契約管理に対応,2026-09-27
V131,09,主,カオスマップ2026.9の配置,2026-09-17
V132,02,副,prtimes 000000008.000049990：構造化された発明提案書作成支援、請求項・明細書生成。出展社情報：図面生成と品質チェック,2026-09-27
V132,04,主,カオスマップ2026.9の配置,2026-09-17
V132,06,副,prtimes 000000008.000049990：構造化された発明提案書作成支援、請求項・明細書生成。出展社情報：図面生成と品質チェック,2026-09-27
V133,01,副,2026知財・情報フェア出展社情報：経営企画・新規事業開発・研究開発領域の調査・分析を効率化,2026-09-27
V133,07,主,カオスマップ2026.9の配置,2026-09-17
V134,03,主,カオスマップ2026.9の配置,2026-09-17
V134,04,主,カオスマップ2026.9の配置,2026-09-17
V134,07,副,2026知財・情報フェア出展社情報：MyTokkyo.Aiで文献の要約・比較・分析,2026-09-27
V134,10,主,カオスマップ2026.9の配置,2026-09-17
V134,15,主,カオスマップ2026.9の配置,2026-09-17
V135,06,主,カオスマップ2026.9の配置,2026-09-17
V136,03,副,cks.co.jp：国内外特許のインターネット検索、特許調査、PatSnap Analyticsの国内販売,2026-09-27
V136,07,副,cks.co.jp：国内外特許のインターネット検索、特許調査、PatSnap Analyticsの国内販売,2026-09-27
V136,09,主,カオスマップ2026.9の配置,2026-09-17
V136,17,副,cks.co.jp：国内外特許のインターネット検索、特許調査、PatSnap Analyticsの国内販売,2026-09-27
V137,03,主,カオスマップ2026.9の配置,2026-09-17
V137,16,主,カオスマップ2026.9の配置,2026-09-17
V137,17,主,カオスマップ2026.9の配置,2026-09-17
V138,06,主,カオスマップ2026.9の配置,2026-09-17
V138,07,副,2026知財・情報フェア出展社情報：StructFlowでスクリーニング・要約・データ構造化を支援,2026-09-27
V139,07,副,nihon-ir.jp：技術動向調査、知財担当者向け生成AI活用セミナー,2026-09-27
V139,09,主,カオスマップ2026.9の配置,2026-09-17
V139,17,主,カオスマップ2026.9の配置,2026-09-17
V139,18,副,nihon-ir.jp：技術動向調査、知財担当者向け生成AI活用セミナー,2026-09-27
V140,03,主,カオスマップ2026.9の配置,2026-09-17
V140,07,主,カオスマップ2026.9の配置,2026-09-17
V140,09,主,カオスマップ2026.9の配置,2026-09-17
V140,10,主,カオスマップ2026.9の配置,2026-09-17
V140,17,副,2026知財・情報フェア出展社情報：特許調査・研修サービス,2026-09-27
V141,03,主,カオスマップ2026.9の配置,2026-09-17
V141,06,副,2026知財・情報フェア出展社情報：Japio-GPG/FXの高精度AI翻訳、意匠権調査サービス,2026-09-27
V141,10,主,カオスマップ2026.9の配置,2026-09-17
V141,17,副,2026知財・情報フェア出展社情報：Japio-GPG/FXの高精度AI翻訳、意匠権調査サービス,2026-09-27
V142,03,主,カオスマップ2026.9の配置,2026-09-17
V142,07,副,hitachi-sis.co.jp：ShareresearchはPALNET/MC6と連携し競合特許戦略の分析・侵害チェックを支援,2026-09-27
V142,09,主,カオスマップ2026.9の配置,2026-09-17
V143,07,主,カオスマップ2026.9の配置,2026-09-17
V143,09,副,hitachi.co.jp/Prod/comp/app/tokkyo/mc6：知的財産管理システムPALNET/MC6を提供,2026-09-27
V144,07,副,2026知財・情報フェア出展社情報：IPeakMSに特許価値評価と知財ROICによる無形資産の可視化を参考出展,2026-09-27
V144,08,副,2026知財・情報フェア出展社情報：IPeakMSに特許価値評価と知財ROICによる無形資産の可視化を参考出展,2026-09-27
V144,09,主,カオスマップ2026.9の配置,2026-09-17
V145,03,主,カオスマップ2026.9の配置,2026-09-17
V145,09,副,2026知財・情報フェア出展社情報：HYPAT-i2（検索）、IPeakMS（知財管理）、特許調査,2026-09-27
V145,17,副,2026知財・情報フェア出展社情報：HYPAT-i2（検索）、IPeakMS（知財管理）、特許調査,2026-09-27
V146,04,副,2026知財・情報フェア出展社情報：発明発掘・出願サポート、先行技術調査、OAサポート（AIと専門家の融合）,2026-09-27
V146,05,副,2026知財・情報フェア出展社情報：発明発掘・出願サポート、先行技術調査、OAサポート（AIと専門家の融合）,2026-09-27
V146,06,主,カオスマップ2026.9の配置,2026-09-17
V146,17,副,2026知財・情報フェア出展社情報：発明発掘・出願サポート、先行技術調査、OAサポート（AIと専門家の融合）,2026-09-27
V147,07,副,2026知財・情報フェア出展社情報：事業の急所を特許ポートフォリオで守る構造戦略論,2026-09-27
V147,18,主,カオスマップ2026.9の配置,2026-09-17
V148,06,主,カオスマップ2026.9の配置,2026-09-17
V149,09,副,2026知財・情報フェア出展社情報：知財管理システム導入を含む組織全体の運用支援,2026-09-27
V149,18,主,カオスマップ2026.9の配置,2026-09-17
V150,04,副,2026知財・情報フェア出展社情報：最新のAIモデルを実務に投入し特許権取得を支援,2026-09-27
V150,05,主,カオスマップ2026.9の配置,2026-09-17
V151,01,主,カオスマップ2026.9の配置,2026-09-17
V151,03,副,web.dolcera.com：PCSによるAI特許検索。SEP保有者の大半が同社データを利用,2026-09-27
V151,04,主,カオスマップ2026.9の配置,2026-09-17
V151,07,主,カオスマップ2026.9の配置,2026-09-17
V151,12,主,カオスマップ2026.9の配置,2026-09-17
V151,16,副,web.dolcera.com：PCSによるAI特許検索。SEP保有者の大半が同社データを利用,2026-09-27
V152,04,副,elevate.law/intellectual-property：Patent Preparation and Prosecution、Trademark Portfolio Management、Global Patent/Trademark Information Searching（Sagacious IP）,2026-09-27
V152,05,副,elevate.law/intellectual-property：Patent Preparation and Prosecution、Trademark Portfolio Management、Global Patent/Trademark Information Searching（Sagacious IP）,2026-09-27
V152,07,主,カオスマップ2026.9の配置,2026-09-17
V152,08,主,カオスマップ2026.9の配置,2026-09-17
V152,09,主,カオスマップ2026.9の配置,2026-09-17
V152,10,副,elevate.law/intellectual-property：Patent Preparation and Prosecution、Trademark Portfolio Management、Global Patent/Trademark Information Searching（Sagacious IP）,2026-09-27
V152,17,副,elevate.law/intellectual-property：Patent Preparation and Prosecution、Trademark Portfolio Management、Global Patent/Trademark Information Searching（Sagacious IP）,2026-09-27
V153,06,主,カオスマップ2026.9の配置,2026-09-17
