vendor_id,name,region,country,url,description,deployment,is_mcp,is_new_2026,status,first_listed,updated_at,note
V001,AI Samurai,日本,日本,https://aisamurai.co.jp/,出願支援のONEと入門版ZERO、2026年7月開始のIP Samurai MCPサーバーを提供。MCPで生成AIが特許実データを参照する構成をとる。,クラウド（MCP接続可）,1,1,active,2026-09,2026-10-03,2025年6月にトヨタテクニカルディベロップメントの完全子会社。同社のAI Ninjaと連携
V002,AIBS,日本,日本,https://korrepet.com/,オールインワン言語ツールKORREPETを開発。翻訳38年・知財21年の実務知見を生成AIと接続する。,,0,1,active,2026-09,2026-09-27,
V003,AIDAO,日本,日本,https://aidao-pjt.com/,現場に技術者が入り込むFDE方式で、知財部門が自らAIを運用できる状態まで伴走する。,,0,1,active,2026-09,2026-09-27,
V004,AIVisor,日本,日本,https://aivisor.co.jp/,特許調査パッケージPatVisorを提供。請求項と技術内容を解析し、根拠と次の打ち手まで示す。国内サーバー完結。,クラウド（国内サーバー完結）,0,1,active,2026-09,2026-09-17,
V005,AI特許翻訳,日本,日本,https://iptrans.jp/,特許翻訳株式会社から社名を変え、生成AIの一次訳を熟練の特許翻訳者が一文ずつ校正する特許翻訳サービスを展開する。,,0,1,active,2026-09,2026-10-03,
V006,ASU,日本,日本,https://www.asu.co.jp/,生成AI連携サービス「Aicrea」は発明の構成要素を自動抽出し、構成要素ごとに先行技術との類似度を算出して根拠付きの対比表を出力する。出願支援ソフトPPW8、知財管理システムDBBOY/uni、契約管理ContractEyesも扱う。,,0,1,active,2026-09,2026-09-27,
V007,Alphalect.ai,欧州,ドイツ,https://alphalect.ai/,欧州実務向けのドラフティングAI。EPC特有の記載要件に沿った表現を補助する。,,0,0,active,2026-09,2026-09-17,
V008,Alt Legal,北米,米国,https://www.altlegal.com/,商標ドケット管理のSaaS。各国官庁のデータを自動取り込みして期限を管理する。,,0,0,active,2026-09,2026-09-17,
V009,Ambercite,アジア・他,オーストラリア,https://www.ambercite.com/,引用ネットワークから類似特許をたぐる検索。キーワードでは届かない周辺特許を拾う用途に強い。,,0,0,active,2026-09,2026-09-17,
V010,Anaqua,北米,米国,https://www.anaqua.com/,大企業向けIPMSのAQXに加え、2025年5月に買収したAI-native IPMSのRightHub、分析のAcclaimIPを持つ。2026年はアドバンテストと矢崎総業が採用を公表した。,,0,1,active,2026-09,2026-09-17,
V011,Ankar AI,北米,米国,https://www.ankar.ai/,複数のAIエージェントが発明の特許性検証から中間対応までを分担する。2025年12月に$20M調達。,,0,0,active,2026-09,2026-09-17,
V012,AppColl,北米,米国,https://www.appcoll.com/,中小事務所向けのクラウド型ドケット管理。低価格帯で期限管理と請求を賄う。,,0,0,active,2026-09,2026-09-17,
V013,ArcPrime,北米,米国,https://www.arcprime.com/,M&Aデューデリ向けの知財評価。クレーム強度・引用影響・市場関連性を自動でスコア化する。,,0,0,active,2026-09,2026-09-27,
V014,Azami Global,北米,米国,https://www.azamiglobal.com/,各国代理人ネットワークと翻訳を組み合わせた外国出願プラットフォーム。,,0,0,active,2026-09,2026-09-17,
V015,BrandShield,アジア・他,イスラエル,https://www.brandshield.com/,フィッシング、なりすまし、不正ドメインを含む広義のブランドリスクを検知する。,,0,0,active,2026-09,2026-09-17,
V016,CAS,北米,米国,https://www.cas.org/solutions/stn-ip-protection-suite/ip-finder,化学構造を軸に特許を探すCAS IP Finderを提供。日本では化学情報協会が扱う。,,0,1,active,2026-09,2026-09-27,
V017,CPI,北米,米国,https://www.computerpackages.com/,米国Computer Packages。AI自動ドケットで官庁通知を読み取り、期限を自動起票する。,,0,0,active,2026-09,2026-09-17,
V018,ClaimMaster,北米,米国,https://www.patentclaimmaster.com/,Wordアドインの校正ツール。クレームの依存関係エラーや用語不一致を低コストで検出する。,,0,0,active,2026-09,2026-09-17,
V019,Clarivate,北米,米国,https://clarivate.com/intellectual-property/,Derwent（特許）、Darts-ip（訴訟）、CompuMark（商標）、IPfolio、Cortellis、明細書AIのRowan Patentsを擁する最大手。2026年5月にAIエージェント基盤IPOneを発表した。,,1,1,active,2026-09,2026-09-17,
V020,Copyleaks,アジア・他,イスラエル,https://copyleaks.com/,テキストの類似性とAI生成判定。学術・出版領域で著作権リスクの検出に使われる。,,0,0,active,2026-09,2026-09-17,
V021,Corsearch,北米,米国,https://www.corsearch.com/,商標調査のTrademarkNowと、ブランド保護基盤Zeal 2.0を擁する。商標のライフサイクル全体を一社でカバーする。,,0,1,active,2026-09,2026-09-17,
V022,Cotobox,日本,日本,https://cotobox.com/,オンライン商標登録の国内最大級サービス。197の国・機関をカバーする商標監視を提供する。,,0,1,active,2026-09,2026-09-17,
V023,Crane Authentication,北米,米国,https://www.craneauthentication.com/,旧OpSec Security。Crane NXT傘下で、オンライン監視と物理的な真贋認証を両輪で持つ。,,0,1,active,2026-09,2026-09-17,
V024,Created by Humans,北米,米国,https://www.createdbyhumans.ai/,著作物のAI学習利用をライセンスとして管理する新興サービス。作家団体との連携が進む。,,0,0,active,2026-09,2026-09-17,
V025,Cypris,北米,米国,https://www.cypris.ai/,特許と論文を横断する研究インテリジェンス。R&D部門の技術探索を主用途に据える。,,0,0,active,2026-09,2026-09-17,
V026,DeepIP,北米,米国,https://www.deepip.ai/,Wordアドイン型で既存ワークフローを変えずに導入できる。2026年6月に独PatentMakerを買収し、ミュンヘンに拠点を構えた。,クラウド／オンプレミス,0,1,active,2026-09,2026-09-17,
V027,Dennemeyer,欧州,ルクセンブルク,https://www.dennemeyer.com/,ルクセンブルクのIP管理・年金管理大手。DIAMS Infinityを軸に、買収した分析機能で可視化を強化した。,,0,1,active,2026-09,2026-09-17,
V028,Docket Navigator,北米,米国,https://www.docketnavigator.com/,米国知財訴訟の書面と判断を日次で追える調査サービス。,,0,0,active,2026-09,2026-09-17,
V029,DrugPatentWatch,北米,米国,https://www.drugpatentwatch.com/,FDAのOrange Book/Purple Bookと訴訟データを結合。後発品参入時期の予測に用いられる。,,0,0,active,2026-09,2026-09-17,
V030,Edge,北米,米国,https://www.tryedge.io/,高速なドラフト生成と図面エディタを統合。図面と本文の整合を取りながら書ける。,,0,0,active,2026-09,2026-09-17,
V031,FoundationIP,北米,米国,https://www.cpaglobal.com/,クラウド型IPMS。中小の事務所から企業まで、ライフサイクル全体を一つで扱う。,,0,0,merged,2026-09,2026-10-03,Clarivate の知財管理製品の一つ。社名で掲載する方針により Clarivate に統合扱い（2026-10-03）
V032,Fovea IP,欧州,ベルギー,https://www.foveaip.com/,ベルギー発。Lighthouse IPのデータを基盤に、197の国・機関の商標と101の意匠を単一プラットフォームで検索・監視する。,,0,1,active,2026-09,2026-09-17,
V033,GMOブランドセキュリティ,日本,日本,https://brandsecurity.gmo/,商標・ドメインの一元管理となりすまし対策。知財情報管理システムも提供する。,,0,1,active,2026-09,2026-09-27,
V034,Genzo AI,日本,日本,https://www.genzo-ai.co.jp/,島津製作所とIP Agentが2026年4月に設立。同社知財部の暗黙知をAIプロンプトに落とし込み、明細書作成、特許翻訳、中間処理、先行技術調査、侵害予防、契約書レビューを支援するSaaSとして外販する。,クラウド,0,0,active,2026-09,2026-09-27,
V035,GreyB,アジア・他,インド,https://www.greyb.com/,インドの調査会社。FTOや無効資料の実務知見をAI基盤XRAYに取り込んでいる。,,0,0,active,2026-09,2026-09-17,
V036,HackCamp,日本,日本,https://hackcamp.jp/,事業開発AIエージェント「共創ナビivan」。GraphRAGで特許・技術・顧客課題・市場・経営戦略を構造化し、眠る技術を収益事業に変えることを狙う。三菱電機、知的財産研究教育財団との三者協働で開発し、2025年度グッドデザイン賞を受賞。「AIが選択肢を広げ、決めるのは人」を設計思想に掲げる。,,0,1,active,2026-09,2026-09-27,
V037,Huski.ai,北米,米国,https://huski.ai/,商標の監視と管理に軸足を置いたAI-nativeツール。侵害の早期検知を売りにする。,,0,0,active,2026-09,2026-09-17,
V038,INXI,日本,日本,https://www.inxi.co.jp/,Red PointsとApiraSolの日本総代理店。世界水準のブランド保護ソリューションを日本語サポート付きで提供する。,,0,1,active,2026-09,2026-09-17,
V039,IP-RoBo,日本,日本,https://ip-robo.co.jp/tm-robo/,商標調査AI「TM-RoBo」。特許庁と裁判所の過去の判断を機械学習し、全登録商標との類似度をスコア化する。2019年12月に結合商標の判定機能を発表。形態素解析では商標の造語を扱えないため独自手法を採り、開発に2年を要した。代表の岩原将文氏はAI研究者と弁護士の二つの経歴を持つ。,,0,1,active,2026-09,2026-09-27,
V040,IP.com,北米,米国,https://ip.com/,発明創出を構造化するIQ Ideas+を提供。新規性を定量評価しながら発明開示書まで仕上げる。,,0,0,active,2026-09,2026-09-17,
V041,IP8,北米,米国,https://ip8.ai/,ポートフォリオ管理と侵害検知を接続し、使える特許と使えない特許を仕分ける。,,0,0,active,2026-09,2026-09-17,
V042,IPRally,欧州,フィンランド,https://www.iprally.com/,フィンランド発。特許を知識グラフに変換して探す設計で、なぜ似ているかを説明できる検索を志向。,,0,1,active,2026-09,2026-09-17,
V043,IPTech弁理士法人,日本,日本,https://iptech.jp/,生成AIを前提に実務を組み替えている特許事務所。IT分野とスタートアップ支援に強い。,,0,0,active,2026-09,2026-09-17,
V044,IPdash東京特許事務所,日本,日本,https://ipdash.tokyo/rivalseeker/,他社分析AI「Rival Seeker」を、ソフトウェアブランドIPdash Intelligenceで提供する特許事務所。企業を開発チーム単位まで分解して技術動向を追う。,,0,1,active,2026-09,2026-10-03,IPdash Intelligence は同所のソフトウェアサービスのブランド名
V045,IPオアシス,日本,日本,https://www.ipoasis.co.jp/,知財管理クラウド「IP Oasisクラウド」を提供。実際の業務フローに沿った実機デモを軸に導入を進める。,,0,1,active,2026-09,2026-09-17,
V046,IPリッチ,日本,日本,https://iprich.jp/,最短60秒で特許価値を診断するPatent Value Analyzerと、売買・ライセンスの成約まで伴走するPatentRevenueを展開する。,,0,1,active,2026-09,2026-09-17,
V047,ITONICS,欧州,ドイツ,https://www.itonics-innovation.com/,ドイツのイノベーション管理基盤。技術ロードマップとシグナル探索を全社で回す設計。,,0,0,active,2026-09,2026-09-17,
V048,Innovation Asset Group,北米,米国,https://www.innovationasset.com/,ポートフォリオ管理と費用管理に寄せたIPMS。,,0,0,active,2026-09,2026-09-17,
V049,Ironclad,北米,米国,https://ironcladapp.com/,AI搭載の契約ライフサイクル管理。ライセンス契約の条項管理を法務部門全体で回す。,,0,0,active,2026-09,2026-09-17,
V050,Juro,欧州,英国,https://juro.com/,契約の作成から締結、更新までをブラウザで完結させるCLM。,,0,0,active,2026-09,2026-09-17,
V051,Leegal AI,北米,米国,https://leegal.ai/,先行技術調査からFTO、明細書までをエージェントが連続処理し、初動の数日を数時間に縮める。,,0,0,active,2026-09,2026-09-17,
V052,LegalSifter,北米,米国,https://www.legalsifter.com/,契約文をAIが読み、リスク条項を指摘する。社内の契約審査基準を機械に落とし込める。,,0,0,active,2026-09,2026-09-17,
V053,LexisNexis,北米,米国,https://www.lexisnexisip.com/products/,PatentSight+とProtégé、TotalPatent One、SEP分析のIPlytics、訴訟分析のLex Machina、校正のPatentOptimizerを揃える。2026年5月にPatentSight+へAIアシスタントを搭載した。,,0,1,active,2026-09,2026-09-17,
V054,Lightbringer,欧州,スウェーデン,https://www.lightbringer.ai/,スウェーデン発。エージェント型AIと弁理士の監督を組み合わせ、スタートアップの権利化を支える。,,0,1,active,2026-09,2026-09-17,
V055,Markify,北米,米国,https://www.markify.com/,AI類似検索と商標ウォッチング。中小企業でも使える価格帯で提供する。,,0,0,active,2026-09,2026-09-17,
V056,MarqVision,北米,米国,https://www.marqvision.com/,AIで模倣品と不正販売を24時間監視。2025年9月に$48Mを調達し日本市場へ本格参入した。,,0,1,active,2026-09,2026-09-27,
V057,Minesoft,欧州,英国,https://minesoft.com/,英国発。ファミリー単位検索のPatBaseと、法的状況・権利変動を追跡するOriginを提供する。,,0,0,active,2026-09,2026-09-17,
V058,Clerq,北米,カナダ,https://www.clerq-ip.com/,トロント発。2026年8月にNLPatentから社名を変え、発明届出の一次評価と、引用文献つきの特許性調査報告を約10分でまとめるエージェント型のワークフローを始めた。,,0,1,active,2026-09,2026-10-03,2026年8月にNLPatentから社名変更
V059,NTTコミュニケーションズ,日本,日本,https://www.ntt.com/about-us/press-releases/news/article/2026/0730.html,2026年7月にアイデアシート作成支援AIエージェントの提供を開始した。,,0,1,active,2026-09,2026-09-17,
V060,NTTデータ,日本,日本,https://www.nttdata.com/global/ja/news/topics/2026/081900/,2026年10月以降に発明発掘支援サービスを先行提供。AIが発明相談から発明提案書作成までをつなぐ。,,0,1,active,2026-09,2026-09-17,
V061,NineSigma,北米,米国,https://www.ninesigma.com/,技術課題を公開して解決者を募るチャレンジ型のスカウティングを提供する。,,0,0,active,2026-09,2026-09-17,
V062,PQAI,北米,米国,https://projectpq.ai/,先行技術検索のオープンソース非営利プロジェクト。API公開で研究や内製に使える。,,0,0,active,2026-09,2026-09-17,
V063,PatSeer Technologies,アジア・他,インド,https://patseer.com/,インド発の特許検索・分析プラットフォームPatSeerを開発。分析テンプレートの豊富さで調査会社に定着している。,,0,0,active,2026-09,2026-09-17,
V064,PatSnap,アジア・他,シンガポール,https://www.patsnap.com/,シンガポール発。特許DBにR&D向けAIエージェント群Eurekaと分析機能を載せ、検索から発明提案までを一体で扱う。,,1,1,active,2026-09,2026-09-17,
V065,Patent Bots,北米,米国,https://www.patentbots.com/,米国実務向けの校正・自動化ツール群。アンテセデントや形式不備を機械的に潰す。,,0,0,active,2026-09,2026-09-17,
V066,PatentDrawAI,北米,米国,https://patentdrawai.com/,写真やスケッチを特許図面の体裁に変換し、符号の付与まで自動化する。,,0,0,active,2026-09,2026-09-17,
V067,PatentPal,北米,米国,https://www.patentpal.com/,クレームを入力すると明細書本文・フローチャート・ブロック図を生成する。米国実務向けの定番。,,0,0,active,2026-09,2026-09-17,
V068,Patentext,北米,米国,https://patentext.com/,発明を視覚的なグラフに落としてから各セクションを生成する。構造から書く設計が特徴。,,0,0,active,2026-09,2026-09-17,
V069,Patentfield,日本,日本,https://patentfield.com/,京都発のAI特許検索・分析。2026年4月にGENIAC-PRIZE特別賞を受け、特許特化LLM「Dシリーズ」を公開。,,0,1,active,2026-09,2026-09-17,
V070,Patentics,アジア・他,中国,http://www.patentics.com/,中英対応の意味検索。中国出願の類似調査で使われる老舗ツール。,,0,0,active,2026-09,2026-09-17,
V071,Patently,北米,米国,https://patently.com/,検索・ドラフト・出願・分析を一つにまとめたプラットフォーム。AIアシスタントを備える。,,0,0,active,2026-09,2026-09-17,
V072,Patlytics,北米,米国,https://www.patlytics.ai/,発明発掘から明細書・侵害分析・無効主張までを一つの環境に集約。2026年4月に$40Mを調達した。,クラウド,0,1,active,2026-09,2026-09-17,
V073,Patrix,欧州,スウェーデン,https://www.patrix.com/,スウェーデン発のIPMS「Patricia」を開発。欧州の大手事務所での導入実績を持つ。,,0,0,active,2026-09,2026-09-17,
V074,Piece Future,アジア・他,シンガポール,https://piecefuture.com/,シンガポールのIP投資銀行。未活用特許とスタートアップを結ぶIPHatchと、技術移転基盤TechHatchを運営する。,,0,1,active,2026-09,2026-09-17,
V075,Polygraf AI,北米,米国,https://polygraf.ai/,AI生成コンテンツの検出と著作権リスク判定に特化する。,,0,0,active,2026-09,2026-09-17,
V076,PowerPatent,北米,米国,https://powerpatent.com/,発明開示書と図面から出願書類一式を生成。中間対応モジュールも備え、Word統合で小規模事務所でも導入しやすい。,,0,0,active,2026-09,2026-09-17,
V077,Pre/Dicta,北米,米国,https://www.pre-dicta.com/,判事の属性から判決傾向とモーションの帰趨を予測する。訴訟戦略の初期判断に使われる。,,0,0,active,2026-09,2026-09-17,
V078,PricePatent,北米,米国,https://pricepatent.com/,特許の価値を即時に推計するAI。売買やライセンス交渉の初期判断に使われる。,,0,0,active,2026-09,2026-09-17,
V079,Questel,欧州,フランス,https://www.questel.com/,検索のOrbitと新AIモデルQaECTER、明細書のqatent、AIアシスタントQthena、管理のEquinox、翻訳・外国出願までを一社で提供する。日本ではサイバーパテントが扱う。,,0,1,active,2026-09,2026-09-17,
V080,RWS,欧州,英国,https://www.rws.com/jp/,英国発。AI特許翻訳、外国出願、年金管理、ブランド保護までを150言語規模で扱う。,,0,1,active,2026-09,2026-09-17,
V081,Red Points,欧州,スペイン,https://www.redpoints.com/,スペイン発のブランド保護。大量のマーケットプレイス監視と削除申請の自動化に強い。,,0,1,active,2026-09,2026-09-17,
V082,SciTech Patent Art,アジア・他,インド,https://www.patentart.com/,2002年設立、100名超の科学者を擁する調査会社。文書に基づいてのみ回答し出典を示すAIアシスタント「Verbatim」と、要素単位のクレームマッピングを行うBridgeSuiteを提供する。,,0,1,active,2026-09,2026-09-17,カオスマップ2026.9版には未掲載
V083,Smart-IP,日本,日本,https://smart-ip.co.jp/,明細書作成専用クラウドappia-engineを提供。クレームツリーの自動生成で構造から書く手順を支える。,,0,0,active,2026-09,2026-09-17,
V084,Solve Intelligence,北米,米国,https://www.solveintelligence.com/,ブラウザ完結の特許ドラフティング。2025年12月に$40Mを調達し、クレームチャートまで領域を広げた。,クラウド,0,1,active,2026-09,2026-09-17,
V085,SooPAT,アジア・他,中国,https://www.soopat.com/,中国の特許検索サービス。分類検索とバッチ出力で中国実務の下調べに使われる。,,0,0,active,2026-09,2026-09-17,
V086,Specifio,北米,米国,https://www.specifio.com/,クレームから明細書本文と要約を数分で生成する、ソフトウェア関連発明向けの自動ドラフティングの先駆け。2026年2月時点でPaximalに買収され、コードは同社に引き継がれている。,,0,0,merged,2026-09,2026-09-27,2026年2月時点でPaximalに買収。初版の「Spellbook傘下」は誤り（2026-09-27訂正）
V087,Spellbook,北米,カナダ,https://www.spellbook.legal/,Word上で契約レビューを支援するAI。知財条項のリスク検出にも使われる。,,0,0,active,2026-09,2026-09-17,
V088,Tangibly,北米,米国,https://www.tangibly.com/,営業秘密管理のSaaS。秘密管理性の立証に必要な証跡を自動で残す設計。,,0,0,active,2026-09,2026-09-17,
V089,TechnoProducer,日本,日本,https://www.techno-producer.com/,発明塾の運営で知られる。発明創出とIPランドスケープの実践支援を手がける。,,0,0,active,2026-09,2026-09-17,
V090,TransPerfect,北米,米国,https://www.transperfect.com/,AIと専門家翻訳を組み合わせたGlobalLink Patentsで、外国出願コストの圧縮を図る。,,0,0,active,2026-09,2026-09-17,
V091,VALUENEX,日本,日本,https://www.valuenex.com/,数万件規模のテキストを俯瞰図に落とす分析。技術の全体像を一望する用途で製造業に定着。,,0,0,active,2026-09,2026-09-27,
V092,WIPS,アジア・他,韓国,https://www.wipsglobal.com/,韓国最大手級。100カ国以上をカバーするWIPS Globalと、AI自動分類のWIPS PRISMを提供する。,,0,0,active,2026-09,2026-09-17,
V093,Wegofair,アジア・他,韓国,https://www.wegofair.com/,韓国発。マーケットプレイスとSNSを監視し、無断使用と違法リセラーを自動で検知・申告する。,,0,1,active,2026-09,2026-09-17,
V094,Wellspring,北米,米国,https://www.wellspring.com/,発明開示管理とテクノロジースカウティングの老舗。大学TLOと大企業での採用が厚い。,,0,0,active,2026-09,2026-09-17,
V095,Wolters Kluwer,欧州,オランダ,https://www.wolterskluwer.com/,法務・コンプライアンス領域の大手。知財を含む法務情報基盤を提供する。,,0,0,active,2026-09,2026-09-17,
V096,XLSCOUT,アジア・他,インド,https://xlscout.ai/,インド発。新規性判定・無効資料探索・ドラフトをそれぞれ専用LLMで提供する構成をとる。,,0,0,active,2026-09,2026-09-17,
V097,aiip,日本,日本,https://aiip.jp/,発明発掘から明細書、拒絶理由対応、FTO、他社牽制までを生成AIで支援するSaaS。,クラウド,0,1,active,2026-09,2026-09-17,
V098,amplified ai,日本,日本,https://www.amplified.ai/ja/,2017年から深層学習で特許検索を開発。AI向けに整えた特許DBをAPIとMCPで自社ワークフローに組み込める。,クラウド（API／MCP接続可）,1,1,active,2026-09,2026-09-17,
V099,anovIP,北米,米国,https://anovip.com/,FTOとポートフォリオ分析を組み合わせたサービス型の提供。分析と助言を一体で行う。,,0,0,active,2026-09,2026-09-17,
V100,incoPat,アジア・他,中国,https://www.incopat.com/,中国最大級の特許データベース。中国語文献の網羅性と機械翻訳の実用度が評価されている。,,0,0,active,2026-09,2026-09-17,
V101,ktMINE,北米,米国,https://www.ktmine.com/,ライセンス契約とロイヤルティレートのデータベース。適正料率の根拠づくりに使われる。,,0,0,active,2026-09,2026-09-17,
V102,root ip,日本,日本,https://rootip.co.jp/,企業版と事務所版を持つ国産IPMS「root ipクラウド」を提供。期限・年金・電子包袋を一元管理する。,,0,0,active,2026-09,2026-09-17,
V103,wert intelligence,アジア・他,韓国,https://www.wertcorp.com/,"韓国発。106法域・1億7,000万件の特許文献で訓練した特許専用LLM「PlutoLM」を基盤に、検索のkeywert、分析のInsight、化学構造式の画像検索Chemistryを展開。汎用LLMが苦手とする請求項の解釈と技術的等価性の判断を狙う。LG電子が全社導入した。",,0,1,active,2026-09,2026-09-27,
V104,yet2,北米,米国,https://www.yet2.com/,技術の探索とマッチングを仲介するオープンイノベーション支援。,,0,0,active,2026-09,2026-09-17,
V105,アイパクトリ,アジア・他,韓国,https://www.ipactory.com/,韓国ソウル発（2020年設立）。生成AIとRAGを使い、特許明細書の作成を支えるIPEDIT draftと、翻訳のIPEDIT translateを提供する。2025年7月にサムスン電子とAI特許文書作成支援システムの開発契約を結んだ。,,0,1,active,2026-09,2026-10-03,初版で国内企業としていたのは誤り（本社は韓国ソウル）
V106,アイビーリサーチ,日本,日本,https://www.ibr.co.jp/,審査済みの特許公報だけを学習した特許専用LLM「AIPs」を、GPUを使わずCPUのみのスタンドアロン環境で動かす。図面や化学式の画像から発明を理解し、段落単位で生成・確認・修正しながら明細書を組み立てる。出願支援ソフト「アナリスター」も持つ。,ローカル実行（CPU・オフライン）,0,1,active,2026-09,2026-09-27,
V107,アイ・アール・ディー,日本,日本,https://www.ird.co.jp/,発明書類から出願書類を半自動生成するPatentGeneratorを開発する。,,0,0,active,2026-09,2026-09-17,
V108,アイ・ピー・ファイン,日本,日本,https://ipfine.jp/,調査特化のTHE調査力AIと、R&DランドスケープのIICを開発。知財DX・AXを掲げる。,,0,1,active,2026-09,2026-09-17,
V109,アクアプラネット,日本,日本,https://www.patvisual.co/,特許自動AI検索PatVisualを開発。2026年8月に全面刷新し、クレームチャート生成を強化した。,,0,1,active,2026-09,2026-09-17,
V110,アクロソフト,日本,日本,https://www.acrosoft.co.jp/,独自の特許競争力指標を用いたオンライン特許価値評価PATWAREを開発する。,,0,1,active,2026-09,2026-09-17,
V111,アスタミューゼ,日本,日本,https://www.astamuse.co.jp/,特許・論文・スタートアップ・助成金を統合したデータ基盤。技術デューデリを支援する。,,0,0,active,2026-09,2026-09-27,
V112,イノベーションリサーチ,日本,日本,https://www.innovation-r.com/,独自の分析システムと生成AIを組み合わせた技術動向分析「イノベーションレポート」を提供。定量・定性分析を手頃な価格で出し、特許庁の知財ビジネス評価書の作成実績も持つ。知財分析の内製化支援にも踏み込む。,,0,1,active,2026-09,2026-09-27,
V113,ウィズドメイン,アジア・他,韓国,https://www.withdomain.com/,韓国発。検索・分析のULTRA Patentと、特許の経済的価値を自動算出するIPTellsを持つ。,,0,0,active,2026-09,2026-09-17,
V114,エムニ,日本,日本,https://www.emuniinc.jp/,京大・松尾研究所発。AI特許ロケットで検索式生成から侵害性調査、マップ自動生成までを扱う。,,0,0,active,2026-09,2026-09-17,
V115,サカタブランドソリューションズ,日本,日本,https://sakatabs.com/,サカタインクス子会社。Crane Authenticationの技術を日本語サポート付きで提供する。,,0,1,active,2026-09,2026-09-27,
V116,サン・フレア,日本,日本,https://www.sunflare.com/,55年の翻訳実績。特許翻訳と特許調査をワンストップで提供し、AI翻訳の導入支援も行う。,,0,0,active,2026-09,2026-09-17,
V117,ジー・サーチ,日本,日本,https://www.g-search.or.jp/,科学技術文献DBのJDreamⅢと、文献の社内共有と著作権管理を担うRightFindを提供する。,,0,1,active,2026-09,2026-09-17,
V118,スズエ国際特許事務所,日本,日本,https://www.suzuye.co.jp/,1910年創業。aiipの生成AIツールを実務に組み込み、AIの速さと有資格者の責任を両立させる。,,0,1,active,2026-09,2026-09-17,
V119,テクノリサーチ,日本,日本,https://www.technoresearch.co.jp/,生成AI活用調査AI×BRIDを提供。新規性・無効資料・SDIをAIとサーチャーの分担で行う。,,0,1,active,2026-09,2026-09-17,
V120,テスコ,日本,日本,https://www.tesco-search.com/,調査レポート共有システムATHENOVAを提供。大手製造業の知財部門を主要顧客とする。,,0,1,active,2026-09,2026-09-27,
V121,トランスエヌ,日本,日本,https://trans-n.ai/,オンプレミス専用機N-Patentを開発。発明情報を外に出さずに明細書本文を生成する。2024年設立。,オンプレミス,0,1,active,2026-09,2026-09-17,
V122,ネットワークス,日本,日本,https://www.kempos.co.jp/,特許事務管理システムKEMPOSを提供。国内外四法に対応し、出願ソフトの出力を取り込める。,,0,0,active,2026-09,2026-09-27,
V123,ハイパーギア,日本,日本,https://www.hypergear.com/,タイムスタンプの有効性を自動延長するWWDS知財アーカイブと、高セキュリティなファイル共有PsafeVIEWを提供する。,,0,1,active,2026-09,2026-09-17,
V124,パソナナレッジパートナー,日本,日本,https://www.pasona-kp.co.jp/,企業知財の実務を外部から支える。調査・分析から管理事務、AI活用支援までを引き受ける。,,0,0,active,2026-09,2026-09-17,
V125,パテント・インテグレーション,日本,日本,https://patent-i.com/summaria/,特許読解支援AI「サマリア」を提供。先行技術調査、発明届出、新規出願（明細書作成支援）、拒絶理由対応、クリアランス、係争対応、権利維持判断、特許解析まで幅広い場面を支援する。スクリーニング、SDI（定期監視）を備え、2026年にMCP対応した。代表は弁理士の大瀬佳之氏。,クラウド（MCP接続可）,1,1,active,2026-09,2026-09-27,
V126,パテント・リザルト,日本,日本,https://www.patentresult.co.jp/,特許の注目度指標とAIレポート生成を備える分析プラットフォームBiz Cruncherを提供する。,,0,0,active,2026-09,2026-09-17,
V127,パナソニック デジタル,日本,日本,https://www.panasonic.com/jp/business/its/patentsquare.html,特許調査支援サービスPatentSQUAREを提供。1992年からの運用実績を持ち、AI検索・AI自動分類・SDIに加え、最大100万件を可視化する知財BIダッシュボードを備える。2026年4月にパナソニック ソリューションテクノロジーから社名変更。,,0,0,active,2026-09,2026-09-27,
V128,フューチャーアーキテクト,日本,日本,https://www.future.co.jp/,統合知財管理システムDBBOY/uniと出願文書作成ソフトPATENTBOYを提供。2027年に新サービスCOHACKを予定する。,,0,0,active,2026-09,2026-09-17,
V129,プロパティ,日本,日本,https://www.property.ne.jp/,調査・分析・翻訳に加え、AIタスク実行ツールBrainTalkⅡと意匠・商標検索のDesign Scopeを持つ。,,0,1,active,2026-09,2026-09-27,
V130,ベーステクノロジー,日本,日本,https://info-dooup.base.co.jp/,知財データプラットフォームDooupを提供。企業のAI活用と知財データを橋渡しする。,,0,1,active,2026-09,2026-09-27,
V131,ミガリオ,日本,日本,https://www.migalio.com/,知財管理システムMIGARIO/FRIOと事務所連携のEDIを提供。システムに人を合わせない設計を掲げる。,,0,1,active,2026-09,2026-09-27,
V132,ユアサポ,日本,日本,https://yoursup.co.jp/,Wordアドイン型の明細書作成AI「ユアサポAI」を開発。事務所ごとの文体を学習させ、生成文書はローカルに保存する。,クラウド（生成物はローカル保存）,0,1,active,2026-09,2026-09-17,
V133,ユーザベース,日本,日本,https://jp.ub-speeda.com/,経済情報プラットフォームSpeedaを提供。特許分析に事業・市場の文脈を足す用途で併用される。,,0,0,active,2026-09,2026-09-17,
V134,リーガルテック,日本,日本,https://legaltech.co.jp/,特許AIのMyTokkyo.Ai、知財データ基盤IPGenius、機密文書管理のVDRを展開する。,,0,1,active,2026-09,2026-09-17,
V135,ロゼッタ,日本,日本,https://www.rozetta.jp/,"産業翻訳AI「T-4OO」を提供。2,000分野・100言語に対応し、訳文チェックの自動化を進める。",,0,1,active,2026-09,2026-09-17,
V136,中央光学出版,日本,日本,https://www.cks.co.jp/,クラウド型知財管理IP Compassを提供し、PatSnap製品の国内販売も担う。,,0,0,active,2026-09,2026-09-27,
V137,化学情報協会,日本,日本,https://www.jaici.or.jp/,CAS IP Finderの国内提供と、医薬・化学・バイオに特化した調査サービスSHIPSを担う。,,0,1,active,2026-09,2026-09-27,
V138,川村インターナショナル,日本,日本,https://www.k-intl.co.jp/,AI翻訳基盤XMATとデータ構造化サービスStructFlowを提供する翻訳会社。,,0,1,active,2026-09,2026-09-17,
V139,日本アイアール,日本,日本,https://nihon-ir.jp/,調査・分析、知財教育に加え、特許管理システムMASYSを提供する。,,0,0,active,2026-09,2026-09-17,
V140,日本パテントデータサービス,日本,日本,https://www.jpds.co.jp/,検索のJP-NET／NewCSS、分析のぱっとマイニングJP、管理のIP Drive、商標のBrand Mark Searchを揃える国内総合ベンダー。,,0,0,active,2026-09,2026-09-17,
V141,日本特許情報機構,日本,日本,https://www.japio.or.jp/,世界特許全文検索Japio-GPG/FXと特許特化AI翻訳、他社商標を自動検知する商標スキャナーを提供する。,,0,1,active,2026-09,2026-09-17,
V142,日立社会情報サービス,日本,日本,https://www.hitachi-sis.co.jp/,95カ国の特許情報を扱うShareresearchと、知財管理システムPALNET/MC6を提供する。,,0,0,active,2026-09,2026-09-17,
V143,日立製作所,日本,日本,https://www.hitachi.co.jp/,AIテキスト解析で特許をグラフ化する特許情報分析サービスを提供。グループ各社と連携して知財DXを支援する。,,0,0,active,2026-09,2026-09-17,
V144,東芝,日本,日本,https://www.global.toshiba/jp/products-solutions/business-ict/patent.html,知財管理サービスIPeakMSを提供。特許価値評価と知財ROICによる無形資産の可視化を進める。,,0,1,active,2026-09,2026-09-17,
V145,発明通信社,日本,日本,https://www.hatsumei.co.jp/,特許情報検索HYPAT-i2と知財管理サービスIPeakMSを提供。調査から管理までを幅広く扱う。,,0,0,active,2026-09,2026-09-17,
V146,知財コーポレーション,日本,日本,https://www.chizai.jp/,1976年創立の特許翻訳大手。AIと専門家を組み合わせたハイブリッドサービスに移行中。,,0,0,active,2026-09,2026-09-27,
V147,知財戦略ラボラトリー,日本,日本,https://sites.google.com/straiplabo.com/straiplabo/,事業の急所を特許で守る構造戦略論を提唱。生成AIと組み合わせた知財戦略の設計を支援する。,,0,1,active,2026-09,2026-09-17,
V148,翻訳センター,日本,日本,https://www.honyakuctr.com/,国内最大規模の産業翻訳会社。専門翻訳者と生成AIを組み合わせた特許翻訳を提供する。,,0,1,active,2026-09,2026-09-17,
V149,電通総研,日本,日本,https://www.dentsusoken.com/,知財管理システムの導入を含め、知財部門の業務設計とAI活用を支援する。,,0,0,active,2026-09,2026-09-17,
V150,鷲田国際特許事務所,日本,日本,https://www.washidapat.com/,企業知財部の業務を補完する事務所。最新のAIモデルを短い周期で実務に投入する。,,0,0,active,2026-09,2026-09-17,
V151,Dolcera,北米,米国,https://web.dolcera.com/,1.2億件・110カ国の特許を機械学習で処理するAI検索・分析基盤PCSに加え、エージェント型AI「Lexa」と2023年公開の明細書作成AI「IP Author」を持つ。世界10大企業のうち6社が顧客。,クラウド,0,0,active,2026-09,2026-09-18,2026年フェアに出展（3-C35）。初版の判定時に見落とし、早崎聡氏のカオスマップ記事との突合で追加
V152,Elevate Services,北米,米国,https://elevate.law/intellectual-property/,法務・知財のALSP（代替法務サービス）。AI駆動のIPインテリジェンスで特許・商標ポートフォリオの判断を支援する。2025年1月に特許調査のSagacious IPを買収し調査機能を強化した。,クラウド＋人的サービス,0,1,active,2026-09,2026-09-18,2026年フェアに出展（3-I25）。初版の判定時に見落とし、突合で追加
V153,TRIART,日本,日本,https://triart.co.jp/,AI画像認識で新旧の図面・書類の差分を検出する「MIIDEL」を2014年に投入し、導入は400社超。縮尺の違い、スキャン時の歪み、レイアウト変更をAIが補正して同じ条件に揃えてから重ねて差分を出す。建設業・自動車製造業が中心で、電通総研も販売する。,クラウド,0,0,active,2026-09,2026-09-27,2026年フェアに出展（3-B14）。知財専用ではないが図面・書類チェック用途で出展
V154,トヨタテクニカルディベロップメント,日本,日本,https://www.toyota-td.jp/business/ip/service/,生成AIの知財業務支援ツール「AI Ninja」（旧swimy）を提供。検索式の自動生成から母集合づくり、分類・可視化、発明検討の整理までを扱い、子会社AI Samuraiの明細書作成・中間対応とつなぐ。特許調査・解析の受託も行う。,,0,0,active,2026-10,2026-10-03,2025年6月にAI Samuraiを完全子会社化
V155,ClaimHit,北米,米国,https://www.claimhit.com/,特許を使っている企業・製品をAIで洗い出し、侵害の証拠とクレームチャートを作る。ライセンス交渉の下調べ向けで、1特許99ドルの試用とクレジット制をとる。,クラウド,0,0,active,2026-10,2026-10-03,
V156,PatentWatch,北米,カナダ,https://www.patentwatch.ai/,トロント発、Y Combinator出身。特許と製品資料から根拠つきのクレームチャートを作り、侵害製品の特定、標準必須特許の対応付け、有効性の確認を行う。シードで280万ドルを調達した（累計320万ドル）。,,0,0,active,2026-10,2026-10-03,
V157,BlackBox IP,北米,米国,https://blackboxip.com/,ニューヨーク拠点。IDS（情報開示陳述書）の文献管理、拒絶理由通知への応答の雛形、特許期間調整の計算などの特許事務を、AI・機械学習で自動化する。,,0,0,active,2026-10,2026-10-03,
V158,Black Hills IP,北米,米国,https://blackhills.ai/,ミネアポリス拠点で、Black Hills AIの名でも展開する。期限管理・年金更新・IDS管理を、自社のAIツールOtto IPと決定論的な自動化で処理し、パラリーガル業務も受託する。,,0,0,active,2026-10,2026-10-03,Black Hills AI の名称でも展開
V159,Evalueserve,欧州,スイス,https://www.evalueserve.com/product/patent-research-platform-insightloupe/,スイスに本社を置く調査・分析会社。特許調査の受託で大手の一角を占め、AIを使った特許・非特許のランドスケープ分析基盤Insightloupeを提供する。,,0,0,active,2026-10,2026-10-03,
